--------------------------------------------------------
--  File created - Sunday-May-25-2014   
--------------------------------------------------------
--------------------------------------------------------
--  DDL for Table PARAMETRES
--------------------------------------------------------

  CREATE TABLE "BANQUE"."PARAMETRES" 
   (	"IDPARAMETRE" NUMBER(*,0), 
	"IDTABLE" NUMBER(*,0), 
	"PARAMETRE" VARCHAR2(50 BYTE), 
	"VALEURMIN" NUMBER(*,0), 
	"VALEURMAX" NUMBER(*,0), 
	"VALEUR" VARCHAR2(50 BYTE), 
	"SCORE" NUMBER(*,0), 
	"CONDITIONADMISE" CHAR(1 BYTE)
   ) SEGMENT CREATION IMMEDIATE 
  PCTFREE 10 PCTUSED 40 INITRANS 1 MAXTRANS 255 
 NOCOMPRESS LOGGING
  STORAGE(INITIAL 65536 NEXT 1048576 MINEXTENTS 1 MAXEXTENTS 2147483645
  PCTINCREASE 0 FREELISTS 1 FREELIST GROUPS 1
  BUFFER_POOL DEFAULT FLASH_CACHE DEFAULT CELL_FLASH_CACHE DEFAULT)
  TABLESPACE "USERS" ;
--------------------------------------------------------
--  DDL for Table PRIVILEGE
--------------------------------------------------------

  CREATE TABLE "BANQUE"."PRIVILEGE" 
   (	"IDPRIVILEGE" NUMBER(*,0), 
	"NOMPRIVILEGE" VARCHAR2(50 CHAR)
   ) SEGMENT CREATION IMMEDIATE 
  PCTFREE 10 PCTUSED 40 INITRANS 1 MAXTRANS 255 
 NOCOMPRESS LOGGING
  STORAGE(INITIAL 65536 NEXT 1048576 MINEXTENTS 1 MAXEXTENTS 2147483645
  PCTINCREASE 0 FREELISTS 1 FREELIST GROUPS 1
  BUFFER_POOL DEFAULT FLASH_CACHE DEFAULT CELL_FLASH_CACHE DEFAULT)
  TABLESPACE "USERS" ;
--------------------------------------------------------
--  DDL for Table BANQUE
--------------------------------------------------------

  CREATE TABLE "BANQUE"."BANQUE" 
   (	"IDBANQUE" NUMBER(6,0), 
	"NOMBANQUE" VARCHAR2(50 BYTE), 
	"MOTDEPASSE" VARCHAR2(50 CHAR)
   ) SEGMENT CREATION IMMEDIATE 
  PCTFREE 10 PCTUSED 40 INITRANS 1 MAXTRANS 255 
 NOCOMPRESS LOGGING
  STORAGE(INITIAL 65536 NEXT 1048576 MINEXTENTS 1 MAXEXTENTS 2147483645
  PCTINCREASE 0 FREELISTS 1 FREELIST GROUPS 1
  BUFFER_POOL DEFAULT FLASH_CACHE DEFAULT CELL_FLASH_CACHE DEFAULT)
  TABLESPACE "USERS" ;
--------------------------------------------------------
--  DDL for Table PRODUIT
--------------------------------------------------------

  CREATE TABLE "BANQUE"."PRODUIT" 
   (	"IDPRODUIT" NUMBER, 
	"IDBANQUE" NUMBER(6,0), 
	"NOMPRODUIT" VARCHAR2(50 BYTE), 
	"SCOREMINIMALREQUIS" NUMBER(*,0), 
	"LIMITEDEPENSEMAX" NUMBER(8,2), 
	"LIMITEDEPENSEMIN" NUMBER(8,2), 
	"FROMRANGE" NUMBER(10,0), 
	"TORANGE" NUMBER(10,0), 
	"ACTIF" CHAR(1 BYTE), 
	"CURRID" NUMBER(10,0)
   ) SEGMENT CREATION IMMEDIATE 
  PCTFREE 10 PCTUSED 40 INITRANS 1 MAXTRANS 255 
 NOCOMPRESS LOGGING
  STORAGE(INITIAL 65536 NEXT 1048576 MINEXTENTS 1 MAXEXTENTS 2147483645
  PCTINCREASE 0 FREELISTS 1 FREELIST GROUPS 1
  BUFFER_POOL DEFAULT FLASH_CACHE DEFAULT CELL_FLASH_CACHE DEFAULT)
  TABLESPACE "USERS" ;
--------------------------------------------------------
--  DDL for Table POSSEDE
--------------------------------------------------------

  CREATE TABLE "BANQUE"."POSSEDE" 
   (	"IDPRIVILEGE" NUMBER(*,0), 
	"USERNAME" VARCHAR2(50 CHAR)
   ) SEGMENT CREATION IMMEDIATE 
  PCTFREE 10 PCTUSED 40 INITRANS 1 MAXTRANS 255 
 NOCOMPRESS LOGGING
  STORAGE(INITIAL 65536 NEXT 1048576 MINEXTENTS 1 MAXEXTENTS 2147483645
  PCTINCREASE 0 FREELISTS 1 FREELIST GROUPS 1
  BUFFER_POOL DEFAULT FLASH_CACHE DEFAULT CELL_FLASH_CACHE DEFAULT)
  TABLESPACE "USERS" ;
--------------------------------------------------------
--  DDL for Table INFORMATIONSPERSONELLES
--------------------------------------------------------

  CREATE TABLE "BANQUE"."INFORMATIONSPERSONELLES" 
   (	"IDIP" NUMBER(*,0), 
	"IDADRESSE" NUMBER(*,0), 
	"NOM" VARCHAR2(50 BYTE), 
	"PRENOM" VARCHAR2(50 BYTE), 
	"SEXE" CHAR(1 BYTE), 
	"NOMPERE" VARCHAR2(50 BYTE), 
	"NOMJEUNEFILLE" VARCHAR2(50 BYTE), 
	"NOMMERE" VARCHAR2(50 BYTE), 
	"DATENAISSANCE" DATE, 
	"NATIONALITE" VARCHAR2(50 BYTE), 
	"NUMEROREGISTRE" NUMBER, 
	"ETATCIVIL" VARCHAR2(50 BYTE), 
	"NOMBREDEPENDANTS" NUMBER(*,0), 
	"NIVEAUEDUCATION" VARCHAR2(50 BYTE), 
	"ADRESSEEMAIL" VARCHAR2(50 BYTE), 
	"NUMEROTELEPHONEMOBILE" NUMBER(*,0)
   ) SEGMENT CREATION IMMEDIATE 
  PCTFREE 10 PCTUSED 40 INITRANS 1 MAXTRANS 255 
 NOCOMPRESS LOGGING
  STORAGE(INITIAL 65536 NEXT 1048576 MINEXTENTS 1 MAXEXTENTS 2147483645
  PCTINCREASE 0 FREELISTS 1 FREELIST GROUPS 1
  BUFFER_POOL DEFAULT FLASH_CACHE DEFAULT CELL_FLASH_CACHE DEFAULT)
  TABLESPACE "USERS" ;
--------------------------------------------------------
--  DDL for Table EMPLOYE
--------------------------------------------------------

  CREATE TABLE "BANQUE"."EMPLOYE" 
   (	"USERNAME" VARCHAR2(50 CHAR), 
	"IDBANQUE" NUMBER(6,0), 
	"PASSWORD" VARCHAR2(50 CHAR)
   ) SEGMENT CREATION IMMEDIATE 
  PCTFREE 10 PCTUSED 40 INITRANS 1 MAXTRANS 255 
 NOCOMPRESS LOGGING
  STORAGE(INITIAL 65536 NEXT 1048576 MINEXTENTS 1 MAXEXTENTS 2147483645
  PCTINCREASE 0 FREELISTS 1 FREELIST GROUPS 1
  BUFFER_POOL DEFAULT FLASH_CACHE DEFAULT CELL_FLASH_CACHE DEFAULT)
  TABLESPACE "USERS" ;
--------------------------------------------------------
--  DDL for Table TABLEDESCORING
--------------------------------------------------------

  CREATE TABLE "BANQUE"."TABLEDESCORING" 
   (	"IDTABLE" NUMBER(*,0), 
	"IDBANQUE" NUMBER(*,0), 
	"DATEDEBUT" DATE, 
	"DATEFIN" DATE, 
	"VERSION" NUMBER DEFAULT NULL
   ) SEGMENT CREATION IMMEDIATE 
  PCTFREE 10 PCTUSED 40 INITRANS 1 MAXTRANS 255 
 NOCOMPRESS LOGGING
  STORAGE(INITIAL 65536 NEXT 1048576 MINEXTENTS 1 MAXEXTENTS 2147483645
  PCTINCREASE 0 FREELISTS 1 FREELIST GROUPS 1
  BUFFER_POOL DEFAULT FLASH_CACHE DEFAULT CELL_FLASH_CACHE DEFAULT)
  TABLESPACE "USERS" ;
--------------------------------------------------------
--  DDL for Table ADDRESSE
--------------------------------------------------------

  CREATE TABLE "BANQUE"."ADDRESSE" 
   (	"IDADRESSE" NUMBER(*,0), 
	"ETATHABITAT" VARCHAR2(50 BYTE), 
	"NUMEROAPPARTEMENT" NUMBER(*,0), 
	"ETAGE" NUMBER(*,0), 
	"NOMBATIMENT" VARCHAR2(50 BYTE), 
	"RUE" VARCHAR2(50 BYTE), 
	"DISTRICT" VARCHAR2(50 BYTE), 
	"VILLE" VARCHAR2(50 BYTE), 
	"CAZA" VARCHAR2(50 BYTE), 
	"PAYS" VARCHAR2(50 BYTE), 
	"DATEDEMENAGEMENT" DATE, 
	"CODEPOSTAL" VARCHAR2(50 BYTE), 
	"NUMEROTELEPHONE" NUMBER(*,0)
   ) SEGMENT CREATION IMMEDIATE 
  PCTFREE 10 PCTUSED 40 INITRANS 1 MAXTRANS 255 
 NOCOMPRESS LOGGING
  STORAGE(INITIAL 65536 NEXT 1048576 MINEXTENTS 1 MAXEXTENTS 2147483645
  PCTINCREASE 0 FREELISTS 1 FREELIST GROUPS 1
  BUFFER_POOL DEFAULT FLASH_CACHE DEFAULT CELL_FLASH_CACHE DEFAULT)
  TABLESPACE "USERS" ;
--------------------------------------------------------
--  DDL for Table INFORMATIONSFINANCIERES
--------------------------------------------------------

  CREATE TABLE "BANQUE"."INFORMATIONSFINANCIERES" 
   (	"IDREVENU" NUMBER(*,0), 
	"IDAPPLICATION" NUMBER(*,0), 
	"TYPE" VARCHAR2(50 BYTE), 
	"SALAIREMENSUELFIXE" NUMBER(8,2), 
	"SALAIREMENSUELVARIABLE" NUMBER(8,2)
   ) SEGMENT CREATION IMMEDIATE 
  PCTFREE 10 PCTUSED 40 INITRANS 1 MAXTRANS 255 
 NOCOMPRESS LOGGING
  STORAGE(INITIAL 65536 NEXT 1048576 MINEXTENTS 1 MAXEXTENTS 2147483645
  PCTINCREASE 0 FREELISTS 1 FREELIST GROUPS 1
  BUFFER_POOL DEFAULT FLASH_CACHE DEFAULT CELL_FLASH_CACHE DEFAULT)
  TABLESPACE "USERS" ;
--------------------------------------------------------
--  DDL for Table INFORMATIONSEMPLOI
--------------------------------------------------------

  CREATE TABLE "BANQUE"."INFORMATIONSEMPLOI" 
   (	"IDEMPLOI" NUMBER(*,0), 
	"IDREVENU" NUMBER(*,0), 
	"IDADRESSE" NUMBER(*,0), 
	"ETATEMPLOI" VARCHAR2(50 BYTE), 
	"DATEEMBAUCHEMENT" DATE, 
	"PROFESSION" VARCHAR2(50 BYTE), 
	"TITRE" VARCHAR2(50 BYTE), 
	"NOMCOMPAGNIE" VARCHAR2(50 BYTE), 
	"SECTEURACTIVITE" VARCHAR2(50 BYTE), 
	"ADRESSEEMAIL" VARCHAR2(50 BYTE)
   ) SEGMENT CREATION IMMEDIATE 
  PCTFREE 10 PCTUSED 40 INITRANS 1 MAXTRANS 255 
 NOCOMPRESS LOGGING
  STORAGE(INITIAL 65536 NEXT 1048576 MINEXTENTS 1 MAXEXTENTS 2147483645
  PCTINCREASE 0 FREELISTS 1 FREELIST GROUPS 1
  BUFFER_POOL DEFAULT FLASH_CACHE DEFAULT CELL_FLASH_CACHE DEFAULT)
  TABLESPACE "USERS" ;
--------------------------------------------------------
--  DDL for Table APPLICATION
--------------------------------------------------------

  CREATE TABLE "BANQUE"."APPLICATION" 
   (	"IDAPPLICATION" NUMBER(*,0), 
	"IDEMPLOI" NUMBER(*,0), 
	"IDPRODUIT" NUMBER(*,0), 
	"IDBANQUE" NUMBER(*,0), 
	"DATEREMPLISSAGE" DATE, 
	"LIMITEDEPENSE" NUMBER(8,2), 
	"ETAT" VARCHAR2(50 BYTE), 
	"SCOREOBTENU" NUMBER(*,0), 
	"IDIP" NUMBER
   ) SEGMENT CREATION IMMEDIATE 
  PCTFREE 10 PCTUSED 40 INITRANS 1 MAXTRANS 255 
 NOCOMPRESS LOGGING
  STORAGE(INITIAL 65536 NEXT 1048576 MINEXTENTS 1 MAXEXTENTS 2147483645
  PCTINCREASE 0 FREELISTS 1 FREELIST GROUPS 1
  BUFFER_POOL DEFAULT FLASH_CACHE DEFAULT CELL_FLASH_CACHE DEFAULT)
  TABLESPACE "USERS" ;
--------------------------------------------------------
--  DDL for Table ENGAGEMENTMENSUEL
--------------------------------------------------------

  CREATE TABLE "BANQUE"."ENGAGEMENTMENSUEL" 
   (	"IDENGAGEMENT" NUMBER(*,0), 
	"IDAPPLICATION" NUMBER(*,0), 
	"NOMDEBITEUR" VARCHAR2(50 BYTE), 
	"TYPEDEBITEUR" VARCHAR2(50 BYTE), 
	"TYPEENGAGEMENT" VARCHAR2(50 BYTE), 
	"VALEUR" NUMBER(8,2), 
	"PAYEMENTMENSUEL" NUMBER(8,2)
   ) SEGMENT CREATION IMMEDIATE 
  PCTFREE 10 PCTUSED 40 INITRANS 1 MAXTRANS 255 
 NOCOMPRESS LOGGING
  STORAGE(INITIAL 65536 NEXT 1048576 MINEXTENTS 1 MAXEXTENTS 2147483645
  PCTINCREASE 0 FREELISTS 1 FREELIST GROUPS 1
  BUFFER_POOL DEFAULT FLASH_CACHE DEFAULT CELL_FLASH_CACHE DEFAULT)
  TABLESPACE "USERS" ;
--------------------------------------------------------
--  DDL for Table INFOCARTE
--------------------------------------------------------

  CREATE TABLE "BANQUE"."INFOCARTE" 
   (	"IDC" NUMBER(*,0), 
	"IDAPPLICATION" NUMBER(*,0), 
	"CARTEPRINCIPALE" CHAR(1 BYTE), 
	"NOMSURCARTE" VARCHAR2(50 BYTE), 
	"SERVICESMS" CHAR(1 BYTE), 
	"SERVICEMAIL" CHAR(1 BYTE), 
	"SERVICELETTRE" CHAR(1 BYTE)
   ) SEGMENT CREATION IMMEDIATE 
  PCTFREE 10 PCTUSED 40 INITRANS 1 MAXTRANS 255 
 NOCOMPRESS LOGGING
  STORAGE(INITIAL 65536 NEXT 1048576 MINEXTENTS 1 MAXEXTENTS 2147483645
  PCTINCREASE 0 FREELISTS 1 FREELIST GROUPS 1
  BUFFER_POOL DEFAULT FLASH_CACHE DEFAULT CELL_FLASH_CACHE DEFAULT)
  TABLESPACE "USERS" ;
--------------------------------------------------------
--  DDL for Table INFOCARTESUP
--------------------------------------------------------

  CREATE TABLE "BANQUE"."INFOCARTESUP" 
   (	"IDC" NUMBER(*,0), 
	"NOM" VARCHAR2(50 CHAR), 
	"PRENOM" VARCHAR2(50 CHAR), 
	"SEXE" CHAR(1 BYTE), 
	"NATIONALITE" VARCHAR2(50 CHAR), 
	"LEINRELATIVE" VARCHAR2(50 CHAR), 
	"NUMEROTELMOBILE" NUMBER(*,0), 
	"NUMEROTEL" NUMBER(*,0), 
	"ADDRESSEEMAIL" VARCHAR2(50 CHAR), 
	"ADDRESSE" VARCHAR2(100 CHAR)
   ) SEGMENT CREATION IMMEDIATE 
  PCTFREE 10 PCTUSED 40 INITRANS 1 MAXTRANS 255 
 NOCOMPRESS LOGGING
  STORAGE(INITIAL 65536 NEXT 1048576 MINEXTENTS 1 MAXEXTENTS 2147483645
  PCTINCREASE 0 FREELISTS 1 FREELIST GROUPS 1
  BUFFER_POOL DEFAULT FLASH_CACHE DEFAULT CELL_FLASH_CACHE DEFAULT)
  TABLESPACE "USERS" ;
--------------------------------------------------------
--  DDL for Table CLIENT
--------------------------------------------------------

  CREATE TABLE "BANQUE"."CLIENT" 
   (	"IDCLIENT" NUMBER(*,0), 
	"IDEMPLOI" NUMBER(*,0), 
	"IDIP" NUMBER(*,0), 
	"IDBANQUE" NUMBER(*,0)
   ) SEGMENT CREATION IMMEDIATE 
  PCTFREE 10 PCTUSED 40 INITRANS 1 MAXTRANS 255 
 NOCOMPRESS LOGGING
  STORAGE(INITIAL 65536 NEXT 1048576 MINEXTENTS 1 MAXEXTENTS 2147483645
  PCTINCREASE 0 FREELISTS 1 FREELIST GROUPS 1
  BUFFER_POOL DEFAULT FLASH_CACHE DEFAULT CELL_FLASH_CACHE DEFAULT)
  TABLESPACE "USERS" ;
--------------------------------------------------------
--  DDL for Table COMPTE
--------------------------------------------------------

  CREATE TABLE "BANQUE"."COMPTE" 
   (	"NUMEROCOMPTE" NUMBER(*,0), 
	"IDCLIENT" NUMBER(*,0), 
	"IDBANQUE" NUMBER(*,0), 
	"LIMITEDEPENSE" NUMBER(8,2)
   ) SEGMENT CREATION IMMEDIATE 
  PCTFREE 10 PCTUSED 40 INITRANS 1 MAXTRANS 255 
 NOCOMPRESS LOGGING
  STORAGE(INITIAL 65536 NEXT 1048576 MINEXTENTS 1 MAXEXTENTS 2147483645
  PCTINCREASE 0 FREELISTS 1 FREELIST GROUPS 1
  BUFFER_POOL DEFAULT FLASH_CACHE DEFAULT CELL_FLASH_CACHE DEFAULT)
  TABLESPACE "USERS" ;
--------------------------------------------------------
--  DDL for Table CARTE
--------------------------------------------------------

  CREATE TABLE "BANQUE"."CARTE" 
   (	"IDCARTE" NUMBER(16,0), 
	"NUMEROCOMPTE" NUMBER(*,0), 
	"IDIP" NUMBER(*,0), 
	"IDPRODUIT" NUMBER(*,0), 
	"IDBANQUE" NUMBER(*,0), 
	"DATEDEBUTVALIDITE" DATE, 
	"DATEFINVALIDITE" DATE, 
	"ACTIF" CHAR(1 BYTE), 
	"NOMSURCARTE" VARCHAR2(50 BYTE), 
	"CARTEPRINCIPAL" CHAR(1 BYTE), 
	"SERVICESMS" CHAR(1 BYTE), 
	"SERVICEMAIL" CHAR(1 BYTE), 
	"SERVICELETTRE" CHAR(1 BYTE)
   ) SEGMENT CREATION IMMEDIATE 
  PCTFREE 10 PCTUSED 40 INITRANS 1 MAXTRANS 255 
 NOCOMPRESS LOGGING
  STORAGE(INITIAL 65536 NEXT 1048576 MINEXTENTS 1 MAXEXTENTS 2147483645
  PCTINCREASE 0 FREELISTS 1 FREELIST GROUPS 1
  BUFFER_POOL DEFAULT FLASH_CACHE DEFAULT CELL_FLASH_CACHE DEFAULT)
  TABLESPACE "USERS" ;
--------------------------------------------------------
--  DDL for Table CARTESUPLEMENTAIRE
--------------------------------------------------------

  CREATE TABLE "BANQUE"."CARTESUPLEMENTAIRE" 
   (	"IDCARTE" NUMBER(16,0), 
	"NOM" VARCHAR2(50 CHAR), 
	"PRENOM" VARCHAR2(50 CHAR), 
	"SEXE" CHAR(1 BYTE), 
	"NATIONALITE" VARCHAR2(50 CHAR), 
	"LEINRELATIVE" VARCHAR2(50 CHAR), 
	"NUMEROTELMOBILE" NUMBER(*,0), 
	"NUMEROTEL" NUMBER(*,0), 
	"ADDRESSEEMAIL" VARCHAR2(50 CHAR), 
	"ADDRESSE" VARCHAR2(100 CHAR)
   ) SEGMENT CREATION IMMEDIATE 
  PCTFREE 10 PCTUSED 40 INITRANS 1 MAXTRANS 255 
 NOCOMPRESS LOGGING
  STORAGE(INITIAL 65536 NEXT 1048576 MINEXTENTS 1 MAXEXTENTS 2147483645
  PCTINCREASE 0 FREELISTS 1 FREELIST GROUPS 1
  BUFFER_POOL DEFAULT FLASH_CACHE DEFAULT CELL_FLASH_CACHE DEFAULT)
  TABLESPACE "USERS" ;
--------------------------------------------------------
--  DDL for Table DEPENSE_REMBOURSEMENTCOMPTE
--------------------------------------------------------

  CREATE TABLE "BANQUE"."DEPENSE_REMBOURSEMENTCOMPTE" 
   (	"MOIS" NUMBER(*,0), 
	"ANNEE" NUMBER(*,0), 
	"NUMEROCOMPTE" NUMBER(*,0), 
	"IDBANQUE" NUMBER(6,0), 
	"DEPENSE" NUMBER(8,2), 
	"REMBOURSEMENT" NUMBER(8,2)
   ) SEGMENT CREATION IMMEDIATE 
  PCTFREE 10 PCTUSED 40 INITRANS 1 MAXTRANS 255 
 NOCOMPRESS LOGGING
  STORAGE(INITIAL 65536 NEXT 1048576 MINEXTENTS 1 MAXEXTENTS 2147483645
  PCTINCREASE 0 FREELISTS 1 FREELIST GROUPS 1
  BUFFER_POOL DEFAULT FLASH_CACHE DEFAULT CELL_FLASH_CACHE DEFAULT)
  TABLESPACE "USERS" ;
REM INSERTING into BANQUE.PARAMETRES
SET DEFINE OFF;
Insert into BANQUE.PARAMETRES (IDPARAMETRE,IDTABLE,PARAMETRE,VALEURMIN,VALEURMAX,VALEUR,SCORE,CONDITIONADMISE) values (21,102,'Etat civil',null,null,'Célibataire',50,'V');
Insert into BANQUE.PARAMETRES (IDPARAMETRE,IDTABLE,PARAMETRE,VALEURMIN,VALEURMAX,VALEUR,SCORE,CONDITIONADMISE) values (22,102,'Age',null,18,null,null,'F');
Insert into BANQUE.PARAMETRES (IDPARAMETRE,IDTABLE,PARAMETRE,VALEURMIN,VALEURMAX,VALEUR,SCORE,CONDITIONADMISE) values (23,102,'Etat Adresse',null,null,'Propre Domicile',100,'V');
Insert into BANQUE.PARAMETRES (IDPARAMETRE,IDTABLE,PARAMETRE,VALEURMIN,VALEURMAX,VALEUR,SCORE,CONDITIONADMISE) values (24,103,'Proffession',null,null,'Ingenieur',30,'V');
Insert into BANQUE.PARAMETRES (IDPARAMETRE,IDTABLE,PARAMETRE,VALEURMIN,VALEURMAX,VALEUR,SCORE,CONDITIONADMISE) values (25,103,'Limite de dépenses',null,300,null,50,'V');
Insert into BANQUE.PARAMETRES (IDPARAMETRE,IDTABLE,PARAMETRE,VALEURMIN,VALEURMAX,VALEUR,SCORE,CONDITIONADMISE) values (26,103,'Age',30,50,null,50,'V');
Insert into BANQUE.PARAMETRES (IDPARAMETRE,IDTABLE,PARAMETRE,VALEURMIN,VALEURMAX,VALEUR,SCORE,CONDITIONADMISE) values (27,103,'Salaire Principal',2500,null,null,300,'V');
Insert into BANQUE.PARAMETRES (IDPARAMETRE,IDTABLE,PARAMETRE,VALEURMIN,VALEURMAX,VALEUR,SCORE,CONDITIONADMISE) values (28,102,'Nombre de dépendants',null,3,null,50,'V');
Insert into BANQUE.PARAMETRES (IDPARAMETRE,IDTABLE,PARAMETRE,VALEURMIN,VALEURMAX,VALEUR,SCORE,CONDITIONADMISE) values (29,102,'Salaire Principal',500,null,null,50,'V');
Insert into BANQUE.PARAMETRES (IDPARAMETRE,IDTABLE,PARAMETRE,VALEURMIN,VALEURMAX,VALEUR,SCORE,CONDITIONADMISE) values (30,102,'Salaire Principal',1000,null,null,50,'V');
Insert into BANQUE.PARAMETRES (IDPARAMETRE,IDTABLE,PARAMETRE,VALEURMIN,VALEURMAX,VALEUR,SCORE,CONDITIONADMISE) values (31,102,'Salaire Principal',1500,null,null,50,'V');
Insert into BANQUE.PARAMETRES (IDPARAMETRE,IDTABLE,PARAMETRE,VALEURMIN,VALEURMAX,VALEUR,SCORE,CONDITIONADMISE) values (32,102,'Valeur Totale des Engagements',null,1000,null,100,'V');
Insert into BANQUE.PARAMETRES (IDPARAMETRE,IDTABLE,PARAMETRE,VALEURMIN,VALEURMAX,VALEUR,SCORE,CONDITIONADMISE) values (33,105,'Etat Adresse',null,null,'Avec les parents',50,'V');
Insert into BANQUE.PARAMETRES (IDPARAMETRE,IDTABLE,PARAMETRE,VALEURMIN,VALEURMAX,VALEUR,SCORE,CONDITIONADMISE) values (34,105,'Age',null,18,null,null,'F');
Insert into BANQUE.PARAMETRES (IDPARAMETRE,IDTABLE,PARAMETRE,VALEURMIN,VALEURMAX,VALEUR,SCORE,CONDITIONADMISE) values (35,105,'Salaire Total',1000,2000,null,50,'V');
Insert into BANQUE.PARAMETRES (IDPARAMETRE,IDTABLE,PARAMETRE,VALEURMIN,VALEURMAX,VALEUR,SCORE,CONDITIONADMISE) values (36,105,'Nombre de dépendants',null,1,null,100,'V');
Insert into BANQUE.PARAMETRES (IDPARAMETRE,IDTABLE,PARAMETRE,VALEURMIN,VALEURMAX,VALEUR,SCORE,CONDITIONADMISE) values (37,105,'Revenu Fixe Total',500,null,null,100,'V');
REM INSERTING into BANQUE.PRIVILEGE
SET DEFINE OFF;
Insert into BANQUE.PRIVILEGE (IDPRIVILEGE,NOMPRIVILEGE) values (6,'Utilisateur');
Insert into BANQUE.PRIVILEGE (IDPRIVILEGE,NOMPRIVILEGE) values (1,'Nouvelle application');
Insert into BANQUE.PRIVILEGE (IDPRIVILEGE,NOMPRIVILEGE) values (2,'Clients');
Insert into BANQUE.PRIVILEGE (IDPRIVILEGE,NOMPRIVILEGE) values (3,'Applications');
Insert into BANQUE.PRIVILEGE (IDPRIVILEGE,NOMPRIVILEGE) values (4,'Systeme de scoring');
Insert into BANQUE.PRIVILEGE (IDPRIVILEGE,NOMPRIVILEGE) values (5,'Produits');
REM INSERTING into BANQUE.BANQUE
SET DEFINE OFF;
Insert into BANQUE.BANQUE (IDBANQUE,NOMBANQUE,MOTDEPASSE) values (412034,'Audi Bank','audi');
Insert into BANQUE.BANQUE (IDBANQUE,NOMBANQUE,MOTDEPASSE) values (103093,'Byblos Bank','byblos');
Insert into BANQUE.BANQUE (IDBANQUE,NOMBANQUE,MOTDEPASSE) values (349108,'Bank MED','med');
REM INSERTING into BANQUE.PRODUIT
SET DEFINE OFF;
Insert into BANQUE.PRODUIT (IDPRODUIT,IDBANQUE,NOMPRODUIT,SCOREMINIMALREQUIS,LIMITEDEPENSEMAX,LIMITEDEPENSEMIN,FROMRANGE,TORANGE,ACTIF,CURRID) values (21,412034,'Platinum',500,10000,2000,100000000,204000203,'V',100000009);
Insert into BANQUE.PRODUIT (IDPRODUIT,IDBANQUE,NOMPRODUIT,SCOREMINIMALREQUIS,LIMITEDEPENSEMAX,LIMITEDEPENSEMIN,FROMRANGE,TORANGE,ACTIF,CURRID) values (22,412034,'Gold',800,20000,5000,240020039,309290910,'V',240020042);
Insert into BANQUE.PRODUIT (IDPRODUIT,IDBANQUE,NOMPRODUIT,SCOREMINIMALREQUIS,LIMITEDEPENSEMAX,LIMITEDEPENSEMIN,FROMRANGE,TORANGE,ACTIF,CURRID) values (23,412034,'Regular',200,5000,500,809010230,999999999,'V',809010252);
REM INSERTING into BANQUE.POSSEDE
SET DEFINE OFF;
Insert into BANQUE.POSSEDE (IDPRIVILEGE,USERNAME) values (1,'admin');
Insert into BANQUE.POSSEDE (IDPRIVILEGE,USERNAME) values (1,'byb');
Insert into BANQUE.POSSEDE (IDPRIVILEGE,USERNAME) values (1,'emp');
Insert into BANQUE.POSSEDE (IDPRIVILEGE,USERNAME) values (1,'rami');
Insert into BANQUE.POSSEDE (IDPRIVILEGE,USERNAME) values (2,'admin');
Insert into BANQUE.POSSEDE (IDPRIVILEGE,USERNAME) values (2,'byb');
Insert into BANQUE.POSSEDE (IDPRIVILEGE,USERNAME) values (2,'emp');
Insert into BANQUE.POSSEDE (IDPRIVILEGE,USERNAME) values (2,'rami');
Insert into BANQUE.POSSEDE (IDPRIVILEGE,USERNAME) values (3,'admin');
Insert into BANQUE.POSSEDE (IDPRIVILEGE,USERNAME) values (3,'byb');
Insert into BANQUE.POSSEDE (IDPRIVILEGE,USERNAME) values (4,'admin');
Insert into BANQUE.POSSEDE (IDPRIVILEGE,USERNAME) values (4,'byb');
Insert into BANQUE.POSSEDE (IDPRIVILEGE,USERNAME) values (4,'rami');
Insert into BANQUE.POSSEDE (IDPRIVILEGE,USERNAME) values (5,'admin');
Insert into BANQUE.POSSEDE (IDPRIVILEGE,USERNAME) values (5,'byb');
Insert into BANQUE.POSSEDE (IDPRIVILEGE,USERNAME) values (6,'admin');
REM INSERTING into BANQUE.INFORMATIONSPERSONELLES
SET DEFINE OFF;
Insert into BANQUE.INFORMATIONSPERSONELLES (IDIP,IDADRESSE,NOM,PRENOM,SEXE,NOMPERE,NOMJEUNEFILLE,NOMMERE,DATENAISSANCE,NATIONALITE,NUMEROREGISTRE,ETATCIVIL,NOMBREDEPENDANTS,NIVEAUEDUCATION,ADRESSEEMAIL,NUMEROTELEPHONEMOBILE) values (200,203,'Nicholas','Marx','M','Micah',null,'Beatrice',to_date('31-JAN-42','DD-MON-RR'),'Lebanon',12,'Marié(e)',1,'Primaire','asdsadad',12312313);
Insert into BANQUE.INFORMATIONSPERSONELLES (IDIP,IDADRESSE,NOM,PRENOM,SEXE,NOMPERE,NOMJEUNEFILLE,NOMMERE,DATENAISSANCE,NATIONALITE,NUMEROREGISTRE,ETATCIVIL,NOMBREDEPENDANTS,NIVEAUEDUCATION,ADRESSEEMAIL,NUMEROTELEPHONEMOBILE) values (201,204,'Nantz','Bobby ','M','Warner',null,'Cayla',to_date('04-SEP-43','DD-MON-RR'),'Lebanon',2,'Divorcé(e)',2,'Secondaire','asdasd',4324324);
Insert into BANQUE.INFORMATIONSPERSONELLES (IDIP,IDADRESSE,NOM,PRENOM,SEXE,NOMPERE,NOMJEUNEFILLE,NOMMERE,DATENAISSANCE,NATIONALITE,NUMEROREGISTRE,ETATCIVIL,NOMBREDEPENDANTS,NIVEAUEDUCATION,ADRESSEEMAIL,NUMEROTELEPHONEMOBILE) values (202,205,'Cully','Tanisha','F','Rayford','Nurse','Pia',to_date('25-JUN-48','DD-MON-RR'),'Lebanon',323,'Marié(e)',0,'Technicien','asd33rdsf',324323242);
Insert into BANQUE.INFORMATIONSPERSONELLES (IDIP,IDADRESSE,NOM,PRENOM,SEXE,NOMPERE,NOMJEUNEFILLE,NOMMERE,DATENAISSANCE,NATIONALITE,NUMEROREGISTRE,ETATCIVIL,NOMBREDEPENDANTS,NIVEAUEDUCATION,ADRESSEEMAIL,NUMEROTELEPHONEMOBILE) values (203,206,'Davenport','Margert','F','Numbers','Rhett','Dolores',to_date('03-AUG-48','DD-MON-RR'),'Lebanon',233,'Marié(e)',0,'Diplômé','dsdgsdgdsg',3243242342);
Insert into BANQUE.INFORMATIONSPERSONELLES (IDIP,IDADRESSE,NOM,PRENOM,SEXE,NOMPERE,NOMJEUNEFILLE,NOMMERE,DATENAISSANCE,NATIONALITE,NUMEROREGISTRE,ETATCIVIL,NOMBREDEPENDANTS,NIVEAUEDUCATION,ADRESSEEMAIL,NUMEROTELEPHONEMOBILE) values (204,207,'Ng','Jewel','M','Earnest',null,'Susanne',to_date('24-OCT-49','DD-MON-RR'),'Lebanon',23,'Veuf(ve)',0,'Poster diplômé','dsfsdfsdf',234324);
Insert into BANQUE.INFORMATIONSPERSONELLES (IDIP,IDADRESSE,NOM,PRENOM,SEXE,NOMPERE,NOMJEUNEFILLE,NOMMERE,DATENAISSANCE,NATIONALITE,NUMEROREGISTRE,ETATCIVIL,NOMBREDEPENDANTS,NIVEAUEDUCATION,ADRESSEEMAIL,NUMEROTELEPHONEMOBILE) values (205,208,'Heffelfinger','Elena','F','Stefan','Bonn','Chanel',to_date('18-MAY-51','DD-MON-RR'),'Lebanon',546,'Célibataire',2,'Diplômé','bdfdert',2346576);
Insert into BANQUE.INFORMATIONSPERSONELLES (IDIP,IDADRESSE,NOM,PRENOM,SEXE,NOMPERE,NOMJEUNEFILLE,NOMMERE,DATENAISSANCE,NATIONALITE,NUMEROREGISTRE,ETATCIVIL,NOMBREDEPENDANTS,NIVEAUEDUCATION,ADRESSEEMAIL,NUMEROTELEPHONEMOBILE) values (206,209,'Marrufo','Imad','M','Elroy',null,'Cicely',to_date('17-OCT-55','DD-MON-RR'),'Lebanon',4,'Célibataire',0,'Secondaire','sdgdsgefgs',567567);
Insert into BANQUE.INFORMATIONSPERSONELLES (IDIP,IDADRESSE,NOM,PRENOM,SEXE,NOMPERE,NOMJEUNEFILLE,NOMMERE,DATENAISSANCE,NATIONALITE,NUMEROREGISTRE,ETATCIVIL,NOMBREDEPENDANTS,NIVEAUEDUCATION,ADRESSEEMAIL,NUMEROTELEPHONEMOBILE) values (207,210,'Lila Merlino','Aerten','M','Foster',null,'Robbin',to_date('07-FEB-58','DD-MON-RR'),'Lebanon',234,'Célibataire',0,'Primaire','sdfdfsdfg',5675456);
Insert into BANQUE.INFORMATIONSPERSONELLES (IDIP,IDADRESSE,NOM,PRENOM,SEXE,NOMPERE,NOMJEUNEFILLE,NOMMERE,DATENAISSANCE,NATIONALITE,NUMEROREGISTRE,ETATCIVIL,NOMBREDEPENDANTS,NIVEAUEDUCATION,ADRESSEEMAIL,NUMEROTELEPHONEMOBILE) values (208,211,'Bragg','Caeltennes','F','Werner','Churchill','Evia',to_date('05-APR-59','DD-MON-RR'),'Lebanon',434,'Marié(e)',3,'Secondaire','trhtrhrthrh',3454456);
Insert into BANQUE.INFORMATIONSPERSONELLES (IDIP,IDADRESSE,NOM,PRENOM,SEXE,NOMPERE,NOMJEUNEFILLE,NOMMERE,DATENAISSANCE,NATIONALITE,NUMEROREGISTRE,ETATCIVIL,NOMBREDEPENDANTS,NIVEAUEDUCATION,ADRESSEEMAIL,NUMEROTELEPHONEMOBILE) values (209,212,'Papineau','Ladreevar','M','Hipolito',null,'Fran',to_date('02-JUL-61','DD-MON-RR'),'Lebanon',3456,'Divorcé(e)',0,'Diplômé','rertwertwe',56756765);
Insert into BANQUE.INFORMATIONSPERSONELLES (IDIP,IDADRESSE,NOM,PRENOM,SEXE,NOMPERE,NOMJEUNEFILLE,NOMMERE,DATENAISSANCE,NATIONALITE,NUMEROREGISTRE,ETATCIVIL,NOMBREDEPENDANTS,NIVEAUEDUCATION,ADRESSEEMAIL,NUMEROTELEPHONEMOBILE) values (210,213,'Yedinak','Violet','F','Tomas','Perkins','Wanetta',to_date('30-JAN-62','DD-MON-RR'),'Lebanon',123,'Marié(e)',0,'Diplômé','hgfhfghfg',456564);
Insert into BANQUE.INFORMATIONSPERSONELLES (IDIP,IDADRESSE,NOM,PRENOM,SEXE,NOMPERE,NOMJEUNEFILLE,NOMMERE,DATENAISSANCE,NATIONALITE,NUMEROREGISTRE,ETATCIVIL,NOMBREDEPENDANTS,NIVEAUEDUCATION,ADRESSEEMAIL,NUMEROTELEPHONEMOBILE) values (211,214,'Leland','Evel','F','Edmundo',null,'Candra',to_date('29-OCT-62','DD-MON-RR'),'Lebanon',43,'Célibataire',3,'Poster diplômé','sdgsdf',45646456);
Insert into BANQUE.INFORMATIONSPERSONELLES (IDIP,IDADRESSE,NOM,PRENOM,SEXE,NOMPERE,NOMJEUNEFILLE,NOMMERE,DATENAISSANCE,NATIONALITE,NUMEROREGISTRE,ETATCIVIL,NOMBREDEPENDANTS,NIVEAUEDUCATION,ADRESSEEMAIL,NUMEROTELEPHONEMOBILE) values (212,215,'Theus','Maiquelian','M','Glenn',null,'Oretha',to_date('29-DEC-62','DD-MON-RR'),'Lebanon',5345,'Marié(e)',0,'Technicien','ddas',4565);
Insert into BANQUE.INFORMATIONSPERSONELLES (IDIP,IDADRESSE,NOM,PRENOM,SEXE,NOMPERE,NOMJEUNEFILLE,NOMMERE,DATENAISSANCE,NATIONALITE,NUMEROREGISTRE,ETATCIVIL,NOMBREDEPENDANTS,NIVEAUEDUCATION,ADRESSEEMAIL,NUMEROTELEPHONEMOBILE) values (213,216,'Abbey','Evraildar','M','Pedro',null,'Leah',to_date('19-JUL-67','DD-MON-RR'),'Lebanon',345,'Marié(e)',2,'Diplômé','qwe',546456);
Insert into BANQUE.INFORMATIONSPERSONELLES (IDIP,IDADRESSE,NOM,PRENOM,SEXE,NOMPERE,NOMJEUNEFILLE,NOMMERE,DATENAISSANCE,NATIONALITE,NUMEROREGISTRE,ETATCIVIL,NOMBREDEPENDANTS,NIVEAUEDUCATION,ADRESSEEMAIL,NUMEROTELEPHONEMOBILE) values (214,217,'Pflum','Ahlas','M','Ben',null,'Shelly',to_date('24-JAN-71','DD-MON-RR'),'Lebanon',45,'Marié(e)',0,'Diplômé','wqe',456456);
Insert into BANQUE.INFORMATIONSPERSONELLES (IDIP,IDADRESSE,NOM,PRENOM,SEXE,NOMPERE,NOMJEUNEFILLE,NOMMERE,DATENAISSANCE,NATIONALITE,NUMEROREGISTRE,ETATCIVIL,NOMBREDEPENDANTS,NIVEAUEDUCATION,ADRESSEEMAIL,NUMEROTELEPHONEMOBILE) values (215,218,'Kleiber','Zyran','M','Samuel',null,'Min',to_date('31-OCT-76','DD-MON-RR'),'Lebanon',42,'Célibataire',0,'Secondaire','wqe',45645646);
Insert into BANQUE.INFORMATIONSPERSONELLES (IDIP,IDADRESSE,NOM,PRENOM,SEXE,NOMPERE,NOMJEUNEFILLE,NOMMERE,DATENAISSANCE,NATIONALITE,NUMEROREGISTRE,ETATCIVIL,NOMBREDEPENDANTS,NIVEAUEDUCATION,ADRESSEEMAIL,NUMEROTELEPHONEMOBILE) values (216,219,'Solum','Ahsanten','F','Markus',null,'Kaitlin',to_date('01-AUG-80','DD-MON-RR'),'Lebanon',34,'Célibataire',2,'Technicien','wqe',456456);
Insert into BANQUE.INFORMATIONSPERSONELLES (IDIP,IDADRESSE,NOM,PRENOM,SEXE,NOMPERE,NOMJEUNEFILLE,NOMMERE,DATENAISSANCE,NATIONALITE,NUMEROREGISTRE,ETATCIVIL,NOMBREDEPENDANTS,NIVEAUEDUCATION,ADRESSEEMAIL,NUMEROTELEPHONEMOBILE) values (217,220,'Loveday','Devon ','M','Sydney',null,'Dori',to_date('18-OCT-81','DD-MON-RR'),'Lebanon',345,'Célibataire',0,'Diplômé','qwe',456546);
Insert into BANQUE.INFORMATIONSPERSONELLES (IDIP,IDADRESSE,NOM,PRENOM,SEXE,NOMPERE,NOMJEUNEFILLE,NOMMERE,DATENAISSANCE,NATIONALITE,NUMEROREGISTRE,ETATCIVIL,NOMBREDEPENDANTS,NIVEAUEDUCATION,ADRESSEEMAIL,NUMEROTELEPHONEMOBILE) values (218,221,'Seyfried','Julian ','F','Shayne',null,'Neida',to_date('29-DEC-88','DD-MON-RR'),'Lebanon',35,'Célibataire',4,'Diplômé','wweq',45645664);
Insert into BANQUE.INFORMATIONSPERSONELLES (IDIP,IDADRESSE,NOM,PRENOM,SEXE,NOMPERE,NOMJEUNEFILLE,NOMMERE,DATENAISSANCE,NATIONALITE,NUMEROREGISTRE,ETATCIVIL,NOMBREDEPENDANTS,NIVEAUEDUCATION,ADRESSEEMAIL,NUMEROTELEPHONEMOBILE) values (219,222,'Rummel','Leisa ','F','Adolfo',null,'Elisa',to_date('08-FEB-91','DD-MON-RR'),'Lebanon',4234,'Célibataire',1,'Poster diplômé','wqe',456456);
Insert into BANQUE.INFORMATIONSPERSONELLES (IDIP,IDADRESSE,NOM,PRENOM,SEXE,NOMPERE,NOMJEUNEFILLE,NOMMERE,DATENAISSANCE,NATIONALITE,NUMEROREGISTRE,ETATCIVIL,NOMBREDEPENDANTS,NIVEAUEDUCATION,ADRESSEEMAIL,NUMEROTELEPHONEMOBILE) values (86,106,'Abou Sabha','Rami','M','Nabih',null,'Claudette',to_date('24-DEC-92','DD-MON-RR'),'Lebanon',2,'Célibataire',0,'Primaire','rami.abousabha@gmail.com',71752744);
REM INSERTING into BANQUE.EMPLOYE
SET DEFINE OFF;
Insert into BANQUE.EMPLOYE (USERNAME,IDBANQUE,PASSWORD) values ('byb',103093,'byb');
Insert into BANQUE.EMPLOYE (USERNAME,IDBANQUE,PASSWORD) values ('admin',412034,'admin');
Insert into BANQUE.EMPLOYE (USERNAME,IDBANQUE,PASSWORD) values ('emp',412034,'emp');
Insert into BANQUE.EMPLOYE (USERNAME,IDBANQUE,PASSWORD) values ('rami',412034,'rami');
REM INSERTING into BANQUE.TABLEDESCORING
SET DEFINE OFF;
Insert into BANQUE.TABLEDESCORING (IDTABLE,IDBANQUE,DATEDEBUT,DATEFIN,VERSION) values (102,412034,to_date('24-MAY-14','DD-MON-RR'),null,4);
Insert into BANQUE.TABLEDESCORING (IDTABLE,IDBANQUE,DATEDEBUT,DATEFIN,VERSION) values (103,412034,to_date('10-JUN-12','DD-MON-RR'),to_date('23-MAY-14','DD-MON-RR'),3);
Insert into BANQUE.TABLEDESCORING (IDTABLE,IDBANQUE,DATEDEBUT,DATEFIN,VERSION) values (104,412034,to_date('18-AUG-10','DD-MON-RR'),to_date('09-JUN-12','DD-MON-RR'),2);
Insert into BANQUE.TABLEDESCORING (IDTABLE,IDBANQUE,DATEDEBUT,DATEFIN,VERSION) values (105,412034,to_date('21-MAY-09','DD-MON-RR'),to_date('17-AUG-10','DD-MON-RR'),1);
REM INSERTING into BANQUE.ADDRESSE
SET DEFINE OFF;
Insert into BANQUE.ADDRESSE (IDADRESSE,ETATHABITAT,NUMEROAPPARTEMENT,ETAGE,NOMBATIMENT,RUE,DISTRICT,VILLE,CAZA,PAYS,DATEDEMENAGEMENT,CODEPOSTAL,NUMEROTELEPHONE) values (204,'Avec les parents',2,2,'Joi','rue 2','Distrikt B','Hlalyeh','Bekaa','Lebanon',to_date('30-SEP-84','DD-MON-RR'),'123',4324324);
Insert into BANQUE.ADDRESSE (IDADRESSE,ETATHABITAT,NUMEROAPPARTEMENT,ETAGE,NOMBATIMENT,RUE,DISTRICT,VILLE,CAZA,PAYS,DATEDEMENAGEMENT,CODEPOSTAL,NUMEROTELEPHONE) values (205,'Louer',3,3,'Larhonda','rue 3','Distrikt C','Insariat','Akar','Lebanon',to_date('02-JUN-85','DD-MON-RR'),'123',324323242);
Insert into BANQUE.ADDRESSE (IDADRESSE,ETATHABITAT,NUMEROAPPARTEMENT,ETAGE,NOMBATIMENT,RUE,DISTRICT,VILLE,CAZA,PAYS,DATEDEMENAGEMENT,CODEPOSTAL,NUMEROTELEPHONE) values (203,'Propre Domicile',4,2,'Arianna','rue 1','Distrikt A','Haret Saida','Keserwan','Lebanon',to_date('09-FEB-81','DD-MON-RR'),'123',12312313);
Insert into BANQUE.ADDRESSE (IDADRESSE,ETATHABITAT,NUMEROAPPARTEMENT,ETAGE,NOMBATIMENT,RUE,DISTRICT,VILLE,CAZA,PAYS,DATEDEMENAGEMENT,CODEPOSTAL,NUMEROTELEPHONE) values (206,'Autres',null,3,'Avery','rue 4','Distrikt D','Irzay','Sour','Lebanon',to_date('24-JUL-85','DD-MON-RR'),'132',3243242342);
Insert into BANQUE.ADDRESSE (IDADRESSE,ETATHABITAT,NUMEROAPPARTEMENT,ETAGE,NOMBATIMENT,RUE,DISTRICT,VILLE,CAZA,PAYS,DATEDEMENAGEMENT,CODEPOSTAL,NUMEROTELEPHONE) values (207,'Propre Domicile',null,2,'Adelina','rue 5','Distrikt A','Kaakaiyat','Hasbaya','Lebanon',to_date('10-APR-86','DD-MON-RR'),'213',234324);
Insert into BANQUE.ADDRESSE (IDADRESSE,ETATHABITAT,NUMEROAPPARTEMENT,ETAGE,NOMBATIMENT,RUE,DISTRICT,VILLE,CAZA,PAYS,DATEDEMENAGEMENT,CODEPOSTAL,NUMEROTELEPHONE) values (208,'Louer',null,3,'Migdalia','rue 6',null,'Kawthariyet','Zgharta','Lebanon',to_date('04-OCT-86','DD-MON-RR'),'123',2346576);
Insert into BANQUE.ADDRESSE (IDADRESSE,ETATHABITAT,NUMEROAPPARTEMENT,ETAGE,NOMBATIMENT,RUE,DISTRICT,VILLE,CAZA,PAYS,DATEDEMENAGEMENT,CODEPOSTAL,NUMEROTELEPHONE) values (209,'Propre Domicile',null,5,'Lawrence','rue 7',null,'Kfarhatta','Beirut','Lebanon',to_date('01-DEC-87','DD-MON-RR'),'23',567567);
Insert into BANQUE.ADDRESSE (IDADRESSE,ETATHABITAT,NUMEROAPPARTEMENT,ETAGE,NOMBATIMENT,RUE,DISTRICT,VILLE,CAZA,PAYS,DATEDEMENAGEMENT,CODEPOSTAL,NUMEROTELEPHONE) values (210,'Louer',null,4,'Shiloh','rue 8',null,'Kfarmilke','Bekaa','Lebanon',to_date('26-NOV-88','DD-MON-RR'),'213',5675456);
Insert into BANQUE.ADDRESSE (IDADRESSE,ETATHABITAT,NUMEROAPPARTEMENT,ETAGE,NOMBATIMENT,RUE,DISTRICT,VILLE,CAZA,PAYS,DATEDEMENAGEMENT,CODEPOSTAL,NUMEROTELEPHONE) values (211,'Propre Domicile',null,2,'Brook','rue 9',null,'Khartoum','Akar','Lebanon',to_date('25-MAY-89','DD-MON-RR'),'123',3454456);
Insert into BANQUE.ADDRESSE (IDADRESSE,ETATHABITAT,NUMEROAPPARTEMENT,ETAGE,NOMBATIMENT,RUE,DISTRICT,VILLE,CAZA,PAYS,DATEDEMENAGEMENT,CODEPOSTAL,NUMEROTELEPHONE) values (212,'Autres',4,2,'Leonora','rue 10',null,'Khrayeb','Sour','Lebanon',to_date('22-JAN-91','DD-MON-RR'),'131',56756765);
Insert into BANQUE.ADDRESSE (IDADRESSE,ETATHABITAT,NUMEROAPPARTEMENT,ETAGE,NOMBATIMENT,RUE,DISTRICT,VILLE,CAZA,PAYS,DATEDEMENAGEMENT,CODEPOSTAL,NUMEROTELEPHONE) values (213,'Propre Domicile',6,2,'Shakia','rue 11',null,'Knarite','Hasbaya','Lebanon',to_date('31-MAR-91','DD-MON-RR'),'12132',456564);
Insert into BANQUE.ADDRESSE (IDADRESSE,ETATHABITAT,NUMEROAPPARTEMENT,ETAGE,NOMBATIMENT,RUE,DISTRICT,VILLE,CAZA,PAYS,DATEDEMENAGEMENT,CODEPOSTAL,NUMEROTELEPHONE) values (214,'Louer',2,2,'Alda','rue 12',null,'Krayeh','Bekaa','Lebanon',to_date('14-JUN-94','DD-MON-RR'),'21312',45646456);
Insert into BANQUE.ADDRESSE (IDADRESSE,ETATHABITAT,NUMEROAPPARTEMENT,ETAGE,NOMBATIMENT,RUE,DISTRICT,VILLE,CAZA,PAYS,DATEDEMENAGEMENT,CODEPOSTAL,NUMEROTELEPHONE) values (215,'Propre Domicile',2,1,'Croteau','rue 13',null,'Loubieh','Akar','Lebanon',to_date('23-MAY-95','DD-MON-RR'),'312',4565);
Insert into BANQUE.ADDRESSE (IDADRESSE,ETATHABITAT,NUMEROAPPARTEMENT,ETAGE,NOMBATIMENT,RUE,DISTRICT,VILLE,CAZA,PAYS,DATEDEMENAGEMENT,CODEPOSTAL,NUMEROTELEPHONE) values (216,'Louer',1,13,'Peter','rue 14','Distrikt B','Aaytit','Sour','Lebanon',to_date('13-JAN-96','DD-MON-RR'),'12',546456);
Insert into BANQUE.ADDRESSE (IDADRESSE,ETATHABITAT,NUMEROAPPARTEMENT,ETAGE,NOMBATIMENT,RUE,DISTRICT,VILLE,CAZA,PAYS,DATEDEMENAGEMENT,CODEPOSTAL,NUMEROTELEPHONE) values (217,'Autres',null,2,'Shaina ','rue 15','Distrikt C','Abbassieh','Hasbaya','Lebanon',to_date('10-FEB-98','DD-MON-RR'),'12',456456);
Insert into BANQUE.ADDRESSE (IDADRESSE,ETATHABITAT,NUMEROAPPARTEMENT,ETAGE,NOMBATIMENT,RUE,DISTRICT,VILLE,CAZA,PAYS,DATEDEMENAGEMENT,CODEPOSTAL,NUMEROTELEPHONE) values (218,'Propre Domicile',null,4,'Kelle','rue 16',null,'Ain Baal','Sour','Lebanon',to_date('21-JUL-98','DD-MON-RR'),'3221',45645646);
Insert into BANQUE.ADDRESSE (IDADRESSE,ETATHABITAT,NUMEROAPPARTEMENT,ETAGE,NOMBATIMENT,RUE,DISTRICT,VILLE,CAZA,PAYS,DATEDEMENAGEMENT,CODEPOSTAL,NUMEROTELEPHONE) values (219,'Louer',4,2,'Felecia','rue 17',null,'Alma el Chaab','Hasbaya','Lebanon',to_date('14-MAY-99','DD-MON-RR'),'123',456456);
Insert into BANQUE.ADDRESSE (IDADRESSE,ETATHABITAT,NUMEROAPPARTEMENT,ETAGE,NOMBATIMENT,RUE,DISTRICT,VILLE,CAZA,PAYS,DATEDEMENAGEMENT,CODEPOSTAL,NUMEROTELEPHONE) values (220,'Louer',6,3,'Marybeth','rue 18',null,'Arzoun','Zgharta','Lebanon',to_date('25-APR-01','DD-MON-RR'),'123',456546);
Insert into BANQUE.ADDRESSE (IDADRESSE,ETATHABITAT,NUMEROAPPARTEMENT,ETAGE,NOMBATIMENT,RUE,DISTRICT,VILLE,CAZA,PAYS,DATEDEMENAGEMENT,CODEPOSTAL,NUMEROTELEPHONE) values (221,'Propre Domicile',2,2,'Autumn','rue 19',null,'Baflaya','Beirut','Lebanon',to_date('14-AUG-01','DD-MON-RR'),'123',45645664);
Insert into BANQUE.ADDRESSE (IDADRESSE,ETATHABITAT,NUMEROAPPARTEMENT,ETAGE,NOMBATIMENT,RUE,DISTRICT,VILLE,CAZA,PAYS,DATEDEMENAGEMENT,CODEPOSTAL,NUMEROTELEPHONE) values (222,'Autres',null,1,'Burton','rue 20',null,'Barich','Bekaa','Lebanon',to_date('10-FEB-04','DD-MON-RR'),'132',456456);
Insert into BANQUE.ADDRESSE (IDADRESSE,ETATHABITAT,NUMEROAPPARTEMENT,ETAGE,NOMBATIMENT,RUE,DISTRICT,VILLE,CAZA,PAYS,DATEDEMENAGEMENT,CODEPOSTAL,NUMEROTELEPHONE) values (223,'Inconnu',null,1,'Alda','rue 21',null,'Batoulieh','Keserwan','Lebanon',to_date('09-FEB-81','DD-MON-RR'),'213',12312313);
Insert into BANQUE.ADDRESSE (IDADRESSE,ETATHABITAT,NUMEROAPPARTEMENT,ETAGE,NOMBATIMENT,RUE,DISTRICT,VILLE,CAZA,PAYS,DATEDEMENAGEMENT,CODEPOSTAL,NUMEROTELEPHONE) values (224,'Inconnu',null,5,'Croteau','rue 22',null,'Bayyad','Beirut','Lebanon',to_date('30-SEP-84','DD-MON-RR'),'123',4324324);
Insert into BANQUE.ADDRESSE (IDADRESSE,ETATHABITAT,NUMEROAPPARTEMENT,ETAGE,NOMBATIMENT,RUE,DISTRICT,VILLE,CAZA,PAYS,DATEDEMENAGEMENT,CODEPOSTAL,NUMEROTELEPHONE) values (225,'Inconnu',null,3,'Peter','rue 23','Distrikt B','Bazourieh','Bekaa','Lebanon',to_date('02-JUN-85','DD-MON-RR'),'23',324323242);
Insert into BANQUE.ADDRESSE (IDADRESSE,ETATHABITAT,NUMEROAPPARTEMENT,ETAGE,NOMBATIMENT,RUE,DISTRICT,VILLE,CAZA,PAYS,DATEDEMENAGEMENT,CODEPOSTAL,NUMEROTELEPHONE) values (226,'Inconnu',2,2,'Croteau','rue 24','Distrikt C','Bedyass','Akar','Lebanon',to_date('24-JUL-85','DD-MON-RR'),'213',3243242342);
Insert into BANQUE.ADDRESSE (IDADRESSE,ETATHABITAT,NUMEROAPPARTEMENT,ETAGE,NOMBATIMENT,RUE,DISTRICT,VILLE,CAZA,PAYS,DATEDEMENAGEMENT,CODEPOSTAL,NUMEROTELEPHONE) values (227,'Inconnu',1,4,'Peter','rue 25','Distrikt D','Borj el Chamali','Sour','Lebanon',to_date('10-APR-86','DD-MON-RR'),'123',234324);
Insert into BANQUE.ADDRESSE (IDADRESSE,ETATHABITAT,NUMEROAPPARTEMENT,ETAGE,NOMBATIMENT,RUE,DISTRICT,VILLE,CAZA,PAYS,DATEDEMENAGEMENT,CODEPOSTAL,NUMEROTELEPHONE) values (228,'Inconnu',1,6,'Shaina ','rue 26',null,'Borj Rahal','Hasbaya','Lebanon',to_date('04-OCT-86','DD-MON-RR'),'131',2346576);
Insert into BANQUE.ADDRESSE (IDADRESSE,ETATHABITAT,NUMEROAPPARTEMENT,ETAGE,NOMBATIMENT,RUE,DISTRICT,VILLE,CAZA,PAYS,DATEDEMENAGEMENT,CODEPOSTAL,NUMEROTELEPHONE) values (229,'Inconnu',5,2,'Manda','rue 27',null,'Bourghlieh','Zgharta','Lebanon',to_date('01-DEC-87','DD-MON-RR'),'12132',567567);
Insert into BANQUE.ADDRESSE (IDADRESSE,ETATHABITAT,NUMEROAPPARTEMENT,ETAGE,NOMBATIMENT,RUE,DISTRICT,VILLE,CAZA,PAYS,DATEDEMENAGEMENT,CODEPOSTAL,NUMEROTELEPHONE) values (230,'Inconnu',3,2,'Jeanna','rue 28',null,'Boustane','Beirut','Lebanon',to_date('26-NOV-88','DD-MON-RR'),'123',5675456);
Insert into BANQUE.ADDRESSE (IDADRESSE,ETATHABITAT,NUMEROAPPARTEMENT,ETAGE,NOMBATIMENT,RUE,DISTRICT,VILLE,CAZA,PAYS,DATEDEMENAGEMENT,CODEPOSTAL,NUMEROTELEPHONE) values (231,'Inconnu',2,1,'Kelle','rue 29',null,'Chameh','Bekaa','Lebanon',to_date('25-MAY-89','DD-MON-RR'),'123',3454456);
Insert into BANQUE.ADDRESSE (IDADRESSE,ETATHABITAT,NUMEROAPPARTEMENT,ETAGE,NOMBATIMENT,RUE,DISTRICT,VILLE,CAZA,PAYS,DATEDEMENAGEMENT,CODEPOSTAL,NUMEROTELEPHONE) values (232,'Inconnu',null,5,'Felecia','rue 30','Distrikt B','Chehabie','Keserwan','Lebanon',to_date('22-JAN-91','DD-MON-RR'),'123',56756765);
Insert into BANQUE.ADDRESSE (IDADRESSE,ETATHABITAT,NUMEROAPPARTEMENT,ETAGE,NOMBATIMENT,RUE,DISTRICT,VILLE,CAZA,PAYS,DATEDEMENAGEMENT,CODEPOSTAL,NUMEROTELEPHONE) values (233,'Inconnu',null,5,'Marybeth','rue 31','Distrikt C','Irzay','Hasbaya','Lebanon',to_date('31-MAR-91','DD-MON-RR'),'132',456564);
Insert into BANQUE.ADDRESSE (IDADRESSE,ETATHABITAT,NUMEROAPPARTEMENT,ETAGE,NOMBATIMENT,RUE,DISTRICT,VILLE,CAZA,PAYS,DATEDEMENAGEMENT,CODEPOSTAL,NUMEROTELEPHONE) values (234,'Inconnu',null,5,'Autumn','rue 32','Distrikt D','Kaakaiyat','Zgharta','Lebanon',to_date('14-JUN-94','DD-MON-RR'),'213',45646456);
Insert into BANQUE.ADDRESSE (IDADRESSE,ETATHABITAT,NUMEROAPPARTEMENT,ETAGE,NOMBATIMENT,RUE,DISTRICT,VILLE,CAZA,PAYS,DATEDEMENAGEMENT,CODEPOSTAL,NUMEROTELEPHONE) values (235,'Inconnu',null,7,'Burton','rue 33','Distrikt A','Kawthariyet','Beirut','Lebanon',to_date('23-MAY-95','DD-MON-RR'),'123',4565);
Insert into BANQUE.ADDRESSE (IDADRESSE,ETATHABITAT,NUMEROAPPARTEMENT,ETAGE,NOMBATIMENT,RUE,DISTRICT,VILLE,CAZA,PAYS,DATEDEMENAGEMENT,CODEPOSTAL,NUMEROTELEPHONE) values (236,'Inconnu',4,2,'Tameika','rue 34','Distrikt B','Kfarhatta','Hasbaya','Lebanon',to_date('13-JAN-96','DD-MON-RR'),'23',546456);
Insert into BANQUE.ADDRESSE (IDADRESSE,ETATHABITAT,NUMEROAPPARTEMENT,ETAGE,NOMBATIMENT,RUE,DISTRICT,VILLE,CAZA,PAYS,DATEDEMENAGEMENT,CODEPOSTAL,NUMEROTELEPHONE) values (237,'Inconnu',6,5,'Kase','rue 35','Distrikt C','Kfarmilke','Zgharta','Lebanon',to_date('10-FEB-98','DD-MON-RR'),'213',456456);
Insert into BANQUE.ADDRESSE (IDADRESSE,ETATHABITAT,NUMEROAPPARTEMENT,ETAGE,NOMBATIMENT,RUE,DISTRICT,VILLE,CAZA,PAYS,DATEDEMENAGEMENT,CODEPOSTAL,NUMEROTELEPHONE) values (238,'Inconnu',2,6,'Torr','rue 36','Distrikt D','Khartoum','Keserwan','Lebanon',to_date('21-JUL-98','DD-MON-RR'),'123',45645646);
Insert into BANQUE.ADDRESSE (IDADRESSE,ETATHABITAT,NUMEROAPPARTEMENT,ETAGE,NOMBATIMENT,RUE,DISTRICT,VILLE,CAZA,PAYS,DATEDEMENAGEMENT,CODEPOSTAL,NUMEROTELEPHONE) values (239,'Inconnu',null,4,'William','rue 37','Distrikt A','Khrayeb','Beirut','Lebanon',to_date('14-MAY-99','DD-MON-RR'),'131',456456);
Insert into BANQUE.ADDRESSE (IDADRESSE,ETATHABITAT,NUMEROAPPARTEMENT,ETAGE,NOMBATIMENT,RUE,DISTRICT,VILLE,CAZA,PAYS,DATEDEMENAGEMENT,CODEPOSTAL,NUMEROTELEPHONE) values (240,'Inconnu',null,3,'Kayc','rue 38',null,'Borj Rahal','Bekaa','Lebanon',to_date('25-APR-01','DD-MON-RR'),'12132',456546);
Insert into BANQUE.ADDRESSE (IDADRESSE,ETATHABITAT,NUMEROAPPARTEMENT,ETAGE,NOMBATIMENT,RUE,DISTRICT,VILLE,CAZA,PAYS,DATEDEMENAGEMENT,CODEPOSTAL,NUMEROTELEPHONE) values (241,'Inconnu',null,7,'Winnifred','rue 39',null,'Bourghlieh','Akar','Lebanon',to_date('14-AUG-01','DD-MON-RR'),'21312',45645664);
Insert into BANQUE.ADDRESSE (IDADRESSE,ETATHABITAT,NUMEROAPPARTEMENT,ETAGE,NOMBATIMENT,RUE,DISTRICT,VILLE,CAZA,PAYS,DATEDEMENAGEMENT,CODEPOSTAL,NUMEROTELEPHONE) values (242,'Inconnu',null,7,'Napoleon','rue 40',null,'Boustane','Sour','Lebanon',to_date('10-FEB-04','DD-MON-RR'),'312',456456);
Insert into BANQUE.ADDRESSE (IDADRESSE,ETATHABITAT,NUMEROAPPARTEMENT,ETAGE,NOMBATIMENT,RUE,DISTRICT,VILLE,CAZA,PAYS,DATEDEMENAGEMENT,CODEPOSTAL,NUMEROTELEPHONE) values (106,'Avec les parents',null,2,'Naiim Kerbaj','Sannine',null,'Zouk Mikael','Mont Liban','Lebanon',to_date('24-DEC-92','DD-MON-RR'),null,9213186);
Insert into BANQUE.ADDRESSE (IDADRESSE,ETATHABITAT,NUMEROAPPARTEMENT,ETAGE,NOMBATIMENT,RUE,DISTRICT,VILLE,CAZA,PAYS,DATEDEMENAGEMENT,CODEPOSTAL,NUMEROTELEPHONE) values (107,'Inconnu',null,1,'ESIB','Sannine',null,'Masouriye','Maten','Lebanon',to_date('01-JAN-75','DD-MON-RR'),null,1323112);
REM INSERTING into BANQUE.INFORMATIONSFINANCIERES
SET DEFINE OFF;

Insert into BANQUE.INFORMATIONSFINANCIERES (IDREVENU,IDAPPLICATION,TYPE,SALAIREMENSUELFIXE,SALAIREMENSUELVARIABLE) values (551,null,'Salaire',2684,330);
Insert into BANQUE.INFORMATIONSFINANCIERES (IDREVENU,IDAPPLICATION,TYPE,SALAIREMENSUELFIXE,SALAIREMENSUELVARIABLE) values (525,null,'Salaire',942,0);
Insert into BANQUE.INFORMATIONSFINANCIERES (IDREVENU,IDAPPLICATION,TYPE,SALAIREMENSUELFIXE,SALAIREMENSUELVARIABLE) values (535,null,'Salaire',8127,595);
Insert into BANQUE.INFORMATIONSFINANCIERES (IDREVENU,IDAPPLICATION,TYPE,SALAIREMENSUELFIXE,SALAIREMENSUELVARIABLE) values (545,null,'Salaire',5529,785);
Insert into BANQUE.INFORMATIONSFINANCIERES (IDREVENU,IDAPPLICATION,TYPE,SALAIREMENSUELFIXE,SALAIREMENSUELVARIABLE) values (555,null,'Salaire',6054,847);
Insert into BANQUE.INFORMATIONSFINANCIERES (IDREVENU,IDAPPLICATION,TYPE,SALAIREMENSUELFIXE,SALAIREMENSUELVARIABLE) values (565,null,'Salaire',2177,492);
Insert into BANQUE.INFORMATIONSFINANCIERES (IDREVENU,IDAPPLICATION,TYPE,SALAIREMENSUELFIXE,SALAIREMENSUELVARIABLE) values (575,null,'Salaire',9472,495);
Insert into BANQUE.INFORMATIONSFINANCIERES (IDREVENU,IDAPPLICATION,TYPE,SALAIREMENSUELFIXE,SALAIREMENSUELVARIABLE) values (585,null,'Salaire',5055,276);
Insert into BANQUE.INFORMATIONSFINANCIERES (IDREVENU,IDAPPLICATION,TYPE,SALAIREMENSUELFIXE,SALAIREMENSUELVARIABLE) values (595,null,'Salaire',5771,289);
Insert into BANQUE.INFORMATIONSFINANCIERES (IDREVENU,IDAPPLICATION,TYPE,SALAIREMENSUELFIXE,SALAIREMENSUELVARIABLE) values (605,null,'Salaire',3951,329);
Insert into BANQUE.INFORMATIONSFINANCIERES (IDREVENU,IDAPPLICATION,TYPE,SALAIREMENSUELFIXE,SALAIREMENSUELVARIABLE) values (615,null,'Salaire',3604,546);
Insert into BANQUE.INFORMATIONSFINANCIERES (IDREVENU,IDAPPLICATION,TYPE,SALAIREMENSUELFIXE,SALAIREMENSUELVARIABLE) values (625,null,'Salaire',8831,250);
Insert into BANQUE.INFORMATIONSFINANCIERES (IDREVENU,IDAPPLICATION,TYPE,SALAIREMENSUELFIXE,SALAIREMENSUELVARIABLE) values (635,null,'Salaire',4386,339);
Insert into BANQUE.INFORMATIONSFINANCIERES (IDREVENU,IDAPPLICATION,TYPE,SALAIREMENSUELFIXE,SALAIREMENSUELVARIABLE) values (645,null,'Salaire',1742,177);
Insert into BANQUE.INFORMATIONSFINANCIERES (IDREVENU,IDAPPLICATION,TYPE,SALAIREMENSUELFIXE,SALAIREMENSUELVARIABLE) values (655,null,'Salaire',4249,752);
Insert into BANQUE.INFORMATIONSFINANCIERES (IDREVENU,IDAPPLICATION,TYPE,SALAIREMENSUELFIXE,SALAIREMENSUELVARIABLE) values (665,null,'Salaire',6395,464);
Insert into BANQUE.INFORMATIONSFINANCIERES (IDREVENU,IDAPPLICATION,TYPE,SALAIREMENSUELFIXE,SALAIREMENSUELVARIABLE) values (675,null,'Salaire',6549,879);
Insert into BANQUE.INFORMATIONSFINANCIERES (IDREVENU,IDAPPLICATION,TYPE,SALAIREMENSUELFIXE,SALAIREMENSUELVARIABLE) values (685,null,'Salaire',2273,372);
Insert into BANQUE.INFORMATIONSFINANCIERES (IDREVENU,IDAPPLICATION,TYPE,SALAIREMENSUELFIXE,SALAIREMENSUELVARIABLE) values (695,null,'Salaire',1933,685);
Insert into BANQUE.INFORMATIONSFINANCIERES (IDREVENU,IDAPPLICATION,TYPE,SALAIREMENSUELFIXE,SALAIREMENSUELVARIABLE) values (705,null,'Salaire',5946,165);

Insert into BANQUE.INFORMATIONSFINANCIERES (IDREVENU,IDAPPLICATION,TYPE,SALAIREMENSUELFIXE,SALAIREMENSUELVARIABLE) values (48,null,'Salaire',0,0);
REM INSERTING into BANQUE.INFORMATIONSEMPLOI
SET DEFINE OFF;
Insert into BANQUE.INFORMATIONSEMPLOI (IDEMPLOI,IDREVENU,IDADRESSE,ETATEMPLOI,DATEEMBAUCHEMENT,PROFESSION,TITRE,NOMCOMPAGNIE,SECTEURACTIVITE,ADRESSEEMAIL) values (300,551,223,'Dans une entreprise',to_date('21-JUL-98','DD-MON-RR'),'Accountant',null,'QUINTIMA','services','asdasd');
Insert into BANQUE.INFORMATIONSEMPLOI (IDEMPLOI,IDREVENU,IDADRESSE,ETATEMPLOI,DATEEMBAUCHEMENT,PROFESSION,TITRE,NOMCOMPAGNIE,SECTEURACTIVITE,ADRESSEEMAIL) values (301,525,224,'Indépendant',to_date('14-MAY-99','DD-MON-RR'),'Actor',null,'CONCIC','entertainment','asdasd');
Insert into BANQUE.INFORMATIONSEMPLOI (IDEMPLOI,IDREVENU,IDADRESSE,ETATEMPLOI,DATEEMBAUCHEMENT,PROFESSION,TITRE,NOMCOMPAGNIE,SECTEURACTIVITE,ADRESSEEMAIL) values (302,535,225,'Secteur publique',to_date('25-APR-01','DD-MON-RR'),'Auditor',null,'PROTOSCOPE','banquaire','asdsad');
Insert into BANQUE.INFORMATIONSEMPLOI (IDEMPLOI,IDREVENU,IDADRESSE,ETATEMPLOI,DATEEMBAUCHEMENT,PROFESSION,TITRE,NOMCOMPAGNIE,SECTEURACTIVITE,ADRESSEEMAIL) values (303,545,226,'Indépendant',to_date('14-AUG-01','DD-MON-RR'),'Author',null,'PROTONOR','entertainment','sfadfds');
Insert into BANQUE.INFORMATIONSEMPLOI (IDEMPLOI,IDREVENU,IDADRESSE,ETATEMPLOI,DATEEMBAUCHEMENT,PROFESSION,TITRE,NOMCOMPAGNIE,SECTEURACTIVITE,ADRESSEEMAIL) values (304,555,227,'Indépendant',to_date('10-FEB-04','DD-MON-RR'),'Baggage handler',null,'ENDOTONE','services','dfgfdg');
Insert into BANQUE.INFORMATIONSEMPLOI (IDEMPLOI,IDREVENU,IDADRESSE,ETATEMPLOI,DATEEMBAUCHEMENT,PROFESSION,TITRE,NOMCOMPAGNIE,SECTEURACTIVITE,ADRESSEEMAIL) values (305,565,228,'Indépendant',to_date('09-FEB-81','DD-MON-RR'),'Lifeguard',null,'DIGUE','sécurité','dfgdfg');
Insert into BANQUE.INFORMATIONSEMPLOI (IDEMPLOI,IDREVENU,IDADRESSE,ETATEMPLOI,DATEEMBAUCHEMENT,PROFESSION,TITRE,NOMCOMPAGNIE,SECTEURACTIVITE,ADRESSEEMAIL) values (306,575,229,'Dans une entreprise',to_date('30-SEP-84','DD-MON-RR'),'engineer',null,'PYROLIGA','ingenieurie','ggdfg');
Insert into BANQUE.INFORMATIONSEMPLOI (IDEMPLOI,IDREVENU,IDADRESSE,ETATEMPLOI,DATEEMBAUCHEMENT,PROFESSION,TITRE,NOMCOMPAGNIE,SECTEURACTIVITE,ADRESSEEMAIL) values (307,585,230,'Dans une entreprise',to_date('02-JUN-85','DD-MON-RR'),'Mathematician',null,'ENVIGH','education','dfgdfg');
Insert into BANQUE.INFORMATIONSEMPLOI (IDEMPLOI,IDREVENU,IDADRESSE,ETATEMPLOI,DATEEMBAUCHEMENT,PROFESSION,TITRE,NOMCOMPAGNIE,SECTEURACTIVITE,ADRESSEEMAIL) values (308,595,231,'Dans une entreprise',to_date('24-JUL-85','DD-MON-RR'),'Medical student',null,'PROTEST','santé','dfgfdg');
Insert into BANQUE.INFORMATIONSEMPLOI (IDEMPLOI,IDREVENU,IDADRESSE,ETATEMPLOI,DATEEMBAUCHEMENT,PROFESSION,TITRE,NOMCOMPAGNIE,SECTEURACTIVITE,ADRESSEEMAIL) values (309,605,232,'Dans une entreprise',to_date('10-APR-86','DD-MON-RR'),'Priest',null,'RENTIAL','divers','dfgdfg');
Insert into BANQUE.INFORMATIONSEMPLOI (IDEMPLOI,IDREVENU,IDADRESSE,ETATEMPLOI,DATEEMBAUCHEMENT,PROFESSION,TITRE,NOMCOMPAGNIE,SECTEURACTIVITE,ADRESSEEMAIL) values (310,615,233,'Dans une entreprise',to_date('04-OCT-86','DD-MON-RR'),'Printer',null,'BYNCE','services','dfgdfg');
Insert into BANQUE.INFORMATIONSEMPLOI (IDEMPLOI,IDREVENU,IDADRESSE,ETATEMPLOI,DATEEMBAUCHEMENT,PROFESSION,TITRE,NOMCOMPAGNIE,SECTEURACTIVITE,ADRESSEEMAIL) values (311,625,234,'Dans une entreprise',to_date('01-DEC-87','DD-MON-RR'),'Prison officer',null,'PLAGACE','sécurité','dfgfdg');
Insert into BANQUE.INFORMATIONSEMPLOI (IDEMPLOI,IDREVENU,IDADRESSE,ETATEMPLOI,DATEEMBAUCHEMENT,PROFESSION,TITRE,NOMCOMPAGNIE,SECTEURACTIVITE,ADRESSEEMAIL) values (312,635,235,'Dans une entreprise',to_date('26-NOV-88','DD-MON-RR'),'Private investigator',null,'POLYSCAN','sécurité','dfgdfg');
Insert into BANQUE.INFORMATIONSEMPLOI (IDEMPLOI,IDREVENU,IDADRESSE,ETATEMPLOI,DATEEMBAUCHEMENT,PROFESSION,TITRE,NOMCOMPAGNIE,SECTEURACTIVITE,ADRESSEEMAIL) values (313,645,236,'Dans une entreprise',to_date('25-MAY-89','DD-MON-RR'),'Probation officer',null,'OVERANT','sécurité','wefdsdfds');
Insert into BANQUE.INFORMATIONSEMPLOI (IDEMPLOI,IDREVENU,IDADRESSE,ETATEMPLOI,DATEEMBAUCHEMENT,PROFESSION,TITRE,NOMCOMPAGNIE,SECTEURACTIVITE,ADRESSEEMAIL) values (314,655,237,'Dans une entreprise',to_date('22-JAN-91','DD-MON-RR'),'Producer',null,'APHECEDE','entertainment','fsdf');
Insert into BANQUE.INFORMATIONSEMPLOI (IDEMPLOI,IDREVENU,IDADRESSE,ETATEMPLOI,DATEEMBAUCHEMENT,PROFESSION,TITRE,NOMCOMPAGNIE,SECTEURACTIVITE,ADRESSEEMAIL) values (315,665,238,'Dans une entreprise',to_date('31-MAR-91','DD-MON-RR'),'Professor',null,'ORANGAX','education','cxvxcv');
Insert into BANQUE.INFORMATIONSEMPLOI (IDEMPLOI,IDREVENU,IDADRESSE,ETATEMPLOI,DATEEMBAUCHEMENT,PROFESSION,TITRE,NOMCOMPAGNIE,SECTEURACTIVITE,ADRESSEEMAIL) values (316,675,239,'Dans une entreprise',to_date('14-JUN-94','DD-MON-RR'),'Sports coach',null,'NAXDAD','divers','fdsf');
Insert into BANQUE.INFORMATIONSEMPLOI (IDEMPLOI,IDREVENU,IDADRESSE,ETATEMPLOI,DATEEMBAUCHEMENT,PROFESSION,TITRE,NOMCOMPAGNIE,SECTEURACTIVITE,ADRESSEEMAIL) values (317,685,240,'Dans une entreprise',to_date('10-FEB-04','DD-MON-RR'),'Surgeon',null,'TUBGEN','santé','werewr');
Insert into BANQUE.INFORMATIONSEMPLOI (IDEMPLOI,IDREVENU,IDADRESSE,ETATEMPLOI,DATEEMBAUCHEMENT,PROFESSION,TITRE,NOMCOMPAGNIE,SECTEURACTIVITE,ADRESSEEMAIL) values (318,695,241,'Dans une entreprise',to_date('24-JUL-85','DD-MON-RR'),'Stockbroker',null,'ECONOCA','banquaire','ewrewr');
Insert into BANQUE.INFORMATIONSEMPLOI (IDEMPLOI,IDREVENU,IDADRESSE,ETATEMPLOI,DATEEMBAUCHEMENT,PROFESSION,TITRE,NOMCOMPAGNIE,SECTEURACTIVITE,ADRESSEEMAIL) values (319,705,242,'Étudiant',to_date('10-APR-86','DD-MON-RR'),'Student',null,'PASTURE','education','sdffsdsdf');
Insert into BANQUE.INFORMATIONSEMPLOI (IDEMPLOI,IDREVENU,IDADRESSE,ETATEMPLOI,DATEEMBAUCHEMENT,PROFESSION,TITRE,NOMCOMPAGNIE,SECTEURACTIVITE,ADRESSEEMAIL) values (41,48,107,'Étudiant',to_date('01-SEP-10','DD-MON-RR'),'Étudiant','Étudiant','ESIB','Études','asdasd');
REM INSERTING into BANQUE.APPLICATION
SET DEFINE OFF;
Insert into BANQUE.APPLICATION (IDAPPLICATION,IDEMPLOI,IDPRODUIT,IDBANQUE,DATEREMPLISSAGE,LIMITEDEPENSE,ETAT,SCOREOBTENU,IDIP) values (460,300,21,412034,to_date('20-MAY-10','DD-MON-RR'),5000,'Accepte',450,200);
Insert into BANQUE.APPLICATION (IDAPPLICATION,IDEMPLOI,IDPRODUIT,IDBANQUE,DATEREMPLISSAGE,LIMITEDEPENSE,ETAT,SCOREOBTENU,IDIP) values (461,301,23,412034,to_date('28-MAY-10','DD-MON-RR'),3250,'Accepte',350,201);
Insert into BANQUE.APPLICATION (IDAPPLICATION,IDEMPLOI,IDPRODUIT,IDBANQUE,DATEREMPLISSAGE,LIMITEDEPENSE,ETAT,SCOREOBTENU,IDIP) values (462,302,21,412034,to_date('24-AUG-10','DD-MON-RR'),4200,'Accepte',250,202);
Insert into BANQUE.APPLICATION (IDAPPLICATION,IDEMPLOI,IDPRODUIT,IDBANQUE,DATEREMPLISSAGE,LIMITEDEPENSE,ETAT,SCOREOBTENU,IDIP) values (463,303,22,412034,to_date('24-SEP-10','DD-MON-RR'),3200,'Accepte',150,203);
Insert into BANQUE.APPLICATION (IDAPPLICATION,IDEMPLOI,IDPRODUIT,IDBANQUE,DATEREMPLISSAGE,LIMITEDEPENSE,ETAT,SCOREOBTENU,IDIP) values (464,304,23,412034,to_date('14-DEC-10','DD-MON-RR'),3650,'Accepte',200,204);
Insert into BANQUE.APPLICATION (IDAPPLICATION,IDEMPLOI,IDPRODUIT,IDBANQUE,DATEREMPLISSAGE,LIMITEDEPENSE,ETAT,SCOREOBTENU,IDIP) values (465,305,21,412034,to_date('25-JAN-11','DD-MON-RR'),900,'Accepte',350,205);
Insert into BANQUE.APPLICATION (IDAPPLICATION,IDEMPLOI,IDPRODUIT,IDBANQUE,DATEREMPLISSAGE,LIMITEDEPENSE,ETAT,SCOREOBTENU,IDIP) values (466,306,23,412034,to_date('26-JAN-11','DD-MON-RR'),2300,'Accepte',300,206);
Insert into BANQUE.APPLICATION (IDAPPLICATION,IDEMPLOI,IDPRODUIT,IDBANQUE,DATEREMPLISSAGE,LIMITEDEPENSE,ETAT,SCOREOBTENU,IDIP) values (467,307,23,412034,to_date('24-AUG-11','DD-MON-RR'),1900,'Accepte',300,207);
Insert into BANQUE.APPLICATION (IDAPPLICATION,IDEMPLOI,IDPRODUIT,IDBANQUE,DATEREMPLISSAGE,LIMITEDEPENSE,ETAT,SCOREOBTENU,IDIP) values (468,308,23,412034,to_date('01-NOV-11','DD-MON-RR'),3400,'Accepte',500,208);
Insert into BANQUE.APPLICATION (IDAPPLICATION,IDEMPLOI,IDPRODUIT,IDBANQUE,DATEREMPLISSAGE,LIMITEDEPENSE,ETAT,SCOREOBTENU,IDIP) values (469,309,23,412034,to_date('04-FEB-12','DD-MON-RR'),4700,'Accepte',350,209);
Insert into BANQUE.APPLICATION (IDAPPLICATION,IDEMPLOI,IDPRODUIT,IDBANQUE,DATEREMPLISSAGE,LIMITEDEPENSE,ETAT,SCOREOBTENU,IDIP) values (470,310,21,412034,to_date('22-SEP-12','DD-MON-RR'),3050,'Accepte',400,210);
Insert into BANQUE.APPLICATION (IDAPPLICATION,IDEMPLOI,IDPRODUIT,IDBANQUE,DATEREMPLISSAGE,LIMITEDEPENSE,ETAT,SCOREOBTENU,IDIP) values (471,311,22,412034,to_date('26-FEB-13','DD-MON-RR'),3700,'Accepte',350,211);
Insert into BANQUE.APPLICATION (IDAPPLICATION,IDEMPLOI,IDPRODUIT,IDBANQUE,DATEREMPLISSAGE,LIMITEDEPENSE,ETAT,SCOREOBTENU,IDIP) values (472,312,23,412034,to_date('22-APR-13','DD-MON-RR'),1700,'Accepte',350,212);
Insert into BANQUE.APPLICATION (IDAPPLICATION,IDEMPLOI,IDPRODUIT,IDBANQUE,DATEREMPLISSAGE,LIMITEDEPENSE,ETAT,SCOREOBTENU,IDIP) values (473,313,21,412034,to_date('11-MAY-13','DD-MON-RR'),2650,'Rejete',50,213);
Insert into BANQUE.APPLICATION (IDAPPLICATION,IDEMPLOI,IDPRODUIT,IDBANQUE,DATEREMPLISSAGE,LIMITEDEPENSE,ETAT,SCOREOBTENU,IDIP) values (474,314,23,412034,to_date('28-JUN-13','DD-MON-RR'),750,'Accepte',400,214);
Insert into BANQUE.APPLICATION (IDAPPLICATION,IDEMPLOI,IDPRODUIT,IDBANQUE,DATEREMPLISSAGE,LIMITEDEPENSE,ETAT,SCOREOBTENU,IDIP) values (475,315,23,412034,to_date('29-AUG-13','DD-MON-RR'),2000,'Accepte',150,215);
Insert into BANQUE.APPLICATION (IDAPPLICATION,IDEMPLOI,IDPRODUIT,IDBANQUE,DATEREMPLISSAGE,LIMITEDEPENSE,ETAT,SCOREOBTENU,IDIP) values (476,316,22,412034,to_date('08-SEP-13','DD-MON-RR'),600,'Rejete',150,216);
Insert into BANQUE.APPLICATION (IDAPPLICATION,IDEMPLOI,IDPRODUIT,IDBANQUE,DATEREMPLISSAGE,LIMITEDEPENSE,ETAT,SCOREOBTENU,IDIP) values (477,317,21,412034,to_date('26-FEB-14','DD-MON-RR'),1000,'Accepte',200,217);
Insert into BANQUE.APPLICATION (IDAPPLICATION,IDEMPLOI,IDPRODUIT,IDBANQUE,DATEREMPLISSAGE,LIMITEDEPENSE,ETAT,SCOREOBTENU,IDIP) values (478,318,22,412034,to_date('31-MAR-14','DD-MON-RR'),3700,'Rejete',50,218);
Insert into BANQUE.APPLICATION (IDAPPLICATION,IDEMPLOI,IDPRODUIT,IDBANQUE,DATEREMPLISSAGE,LIMITEDEPENSE,ETAT,SCOREOBTENU,IDIP) values (479,319,21,412034,to_date('17-AUG-14','DD-MON-RR'),4600,'Rejete',150,219);
Insert into BANQUE.APPLICATION (IDAPPLICATION,IDEMPLOI,IDPRODUIT,IDBANQUE,DATEREMPLISSAGE,LIMITEDEPENSE,ETAT,SCOREOBTENU,IDIP) values (45,41,23,412034,to_date('24-MAY-14','DD-MON-RR'),500,'Accepte',200,86);
REM INSERTING into BANQUE.INFORMATIONSFINANCIERES
SET DEFINE OFF;
Insert into BANQUE.INFORMATIONSFINANCIERES (IDREVENU,IDAPPLICATION,TYPE,SALAIREMENSUELFIXE,SALAIREMENSUELVARIABLE) values (49,45,'Free Lancing',300,0);
Insert into BANQUE.INFORMATIONSFINANCIERES (IDREVENU,IDAPPLICATION,TYPE,SALAIREMENSUELFIXE,SALAIREMENSUELVARIABLE) values (708,461,'investisement',400,0);
Insert into BANQUE.INFORMATIONSFINANCIERES (IDREVENU,IDAPPLICATION,TYPE,SALAIREMENSUELFIXE,SALAIREMENSUELVARIABLE) values (709,462,'logement',100,0);
Insert into BANQUE.INFORMATIONSFINANCIERES (IDREVENU,IDAPPLICATION,TYPE,SALAIREMENSUELFIXE,SALAIREMENSUELVARIABLE) values (710,463,'autres',50,0);
Insert into BANQUE.INFORMATIONSFINANCIERES (IDREVENU,IDAPPLICATION,TYPE,SALAIREMENSUELFIXE,SALAIREMENSUELVARIABLE) values (711,464,'autres',200,0);
Insert into BANQUE.INFORMATIONSFINANCIERES (IDREVENU,IDAPPLICATION,TYPE,SALAIREMENSUELFIXE,SALAIREMENSUELVARIABLE) values (712,465,'autres',400,0);
Insert into BANQUE.INFORMATIONSFINANCIERES (IDREVENU,IDAPPLICATION,TYPE,SALAIREMENSUELFIXE,SALAIREMENSUELVARIABLE) values (713,466,'autres',300,0);
Insert into BANQUE.INFORMATIONSFINANCIERES (IDREVENU,IDAPPLICATION,TYPE,SALAIREMENSUELFIXE,SALAIREMENSUELVARIABLE) values (714,467,'investisement',200,40);
Insert into BANQUE.INFORMATIONSFINANCIERES (IDREVENU,IDAPPLICATION,TYPE,SALAIREMENSUELFIXE,SALAIREMENSUELVARIABLE) values (715,461,'investisement',400,40);
Insert into BANQUE.INFORMATIONSFINANCIERES (IDREVENU,IDAPPLICATION,TYPE,SALAIREMENSUELFIXE,SALAIREMENSUELVARIABLE) values (716,461,'logement',400,60);
Insert into BANQUE.INFORMATIONSFINANCIERES (IDREVENU,IDAPPLICATION,TYPE,SALAIREMENSUELFIXE,SALAIREMENSUELVARIABLE) values (717,462,'logement',500,0);
Insert into BANQUE.INFORMATIONSFINANCIERES (IDREVENU,IDAPPLICATION,TYPE,SALAIREMENSUELFIXE,SALAIREMENSUELVARIABLE) values (718,462,'investisement',100,0);
Insert into BANQUE.INFORMATIONSFINANCIERES (IDREVENU,IDAPPLICATION,TYPE,SALAIREMENSUELFIXE,SALAIREMENSUELVARIABLE) values (719,463,'logement',200,90);
Insert into BANQUE.INFORMATIONSFINANCIERES (IDREVENU,IDAPPLICATION,TYPE,SALAIREMENSUELFIXE,SALAIREMENSUELVARIABLE) values (706,460,'logement',200,20);
Insert into BANQUE.INFORMATIONSFINANCIERES (IDREVENU,IDAPPLICATION,TYPE,SALAIREMENSUELFIXE,SALAIREMENSUELVARIABLE) values (707,460,'investisement',300,50);

REM INSERTING into BANQUE.ENGAGEMENTMENSUEL
SET DEFINE OFF;
Insert into BANQUE.ENGAGEMENTMENSUEL (IDENGAGEMENT,IDAPPLICATION,NOMDEBITEUR,TYPEDEBITEUR,TYPEENGAGEMENT,VALEUR,PAYEMENTMENSUEL) values (500,465,null,'Banque','pret',2000,200);
Insert into BANQUE.ENGAGEMENTMENSUEL (IDENGAGEMENT,IDAPPLICATION,NOMDEBITEUR,TYPEDEBITEUR,TYPEENGAGEMENT,VALEUR,PAYEMENTMENSUEL) values (501,466,null,'Personne','logement',1400,300);
Insert into BANQUE.ENGAGEMENTMENSUEL (IDENGAGEMENT,IDAPPLICATION,NOMDEBITEUR,TYPEDEBITEUR,TYPEENGAGEMENT,VALEUR,PAYEMENTMENSUEL) values (502,467,null,'Personne','logement',2200,400);
Insert into BANQUE.ENGAGEMENTMENSUEL (IDENGAGEMENT,IDAPPLICATION,NOMDEBITEUR,TYPEDEBITEUR,TYPEENGAGEMENT,VALEUR,PAYEMENTMENSUEL) values (503,468,null,'Personne','logement',1900,500);
Insert into BANQUE.ENGAGEMENTMENSUEL (IDENGAGEMENT,IDAPPLICATION,NOMDEBITEUR,TYPEDEBITEUR,TYPEENGAGEMENT,VALEUR,PAYEMENTMENSUEL) values (504,469,null,'Personne','VERSEMENT',1800,600);
Insert into BANQUE.ENGAGEMENTMENSUEL (IDENGAGEMENT,IDAPPLICATION,NOMDEBITEUR,TYPEDEBITEUR,TYPEENGAGEMENT,VALEUR,PAYEMENTMENSUEL) values (505,470,null,'Banque','carte credit',1400,700);
Insert into BANQUE.ENGAGEMENTMENSUEL (IDENGAGEMENT,IDAPPLICATION,NOMDEBITEUR,TYPEDEBITEUR,TYPEENGAGEMENT,VALEUR,PAYEMENTMENSUEL) values (506,471,null,'Personne','logement',110,800);
Insert into BANQUE.ENGAGEMENTMENSUEL (IDENGAGEMENT,IDAPPLICATION,NOMDEBITEUR,TYPEDEBITEUR,TYPEENGAGEMENT,VALEUR,PAYEMENTMENSUEL) values (507,472,null,'Personne','VERSEMENT',1100,100);
Insert into BANQUE.ENGAGEMENTMENSUEL (IDENGAGEMENT,IDAPPLICATION,NOMDEBITEUR,TYPEDEBITEUR,TYPEENGAGEMENT,VALEUR,PAYEMENTMENSUEL) values (508,473,null,'Banque','pret',300,200);
Insert into BANQUE.ENGAGEMENTMENSUEL (IDENGAGEMENT,IDAPPLICATION,NOMDEBITEUR,TYPEDEBITEUR,TYPEENGAGEMENT,VALEUR,PAYEMENTMENSUEL) values (509,467,null,'Personne','VERSEMENT',300,300);
Insert into BANQUE.ENGAGEMENTMENSUEL (IDENGAGEMENT,IDAPPLICATION,NOMDEBITEUR,TYPEDEBITEUR,TYPEENGAGEMENT,VALEUR,PAYEMENTMENSUEL) values (510,468,null,'Personne','VERSEMENT',9000,400);
Insert into BANQUE.ENGAGEMENTMENSUEL (IDENGAGEMENT,IDAPPLICATION,NOMDEBITEUR,TYPEDEBITEUR,TYPEENGAGEMENT,VALEUR,PAYEMENTMENSUEL) values (511,469,null,'Personne','VERSEMENT',40000,500);
Insert into BANQUE.ENGAGEMENTMENSUEL (IDENGAGEMENT,IDAPPLICATION,NOMDEBITEUR,TYPEDEBITEUR,TYPEENGAGEMENT,VALEUR,PAYEMENTMENSUEL) values (512,470,null,'Banque','pret',900,200);
Insert into BANQUE.ENGAGEMENTMENSUEL (IDENGAGEMENT,IDAPPLICATION,NOMDEBITEUR,TYPEDEBITEUR,TYPEENGAGEMENT,VALEUR,PAYEMENTMENSUEL) values (513,471,null,'Personne','VERSEMENT',5000,300);
Insert into BANQUE.ENGAGEMENTMENSUEL (IDENGAGEMENT,IDAPPLICATION,NOMDEBITEUR,TYPEDEBITEUR,TYPEENGAGEMENT,VALEUR,PAYEMENTMENSUEL) values (514,467,null,'Banque','pret',8000,400);
Insert into BANQUE.ENGAGEMENTMENSUEL (IDENGAGEMENT,IDAPPLICATION,NOMDEBITEUR,TYPEDEBITEUR,TYPEENGAGEMENT,VALEUR,PAYEMENTMENSUEL) values (515,468,null,'Banque','carte credit',5000,500);
Insert into BANQUE.ENGAGEMENTMENSUEL (IDENGAGEMENT,IDAPPLICATION,NOMDEBITEUR,TYPEDEBITEUR,TYPEENGAGEMENT,VALEUR,PAYEMENTMENSUEL) values (516,469,null,'Banque','carte credit',4000,100);
REM INSERTING into BANQUE.INFOCARTE
SET DEFINE OFF;
Insert into BANQUE.INFOCARTE (IDC,IDAPPLICATION,CARTEPRINCIPALE,NOMSURCARTE,SERVICESMS,SERVICEMAIL,SERVICELETTRE) values (800,460,'V','Nicholas','V','V','V');
Insert into BANQUE.INFOCARTE (IDC,IDAPPLICATION,CARTEPRINCIPALE,NOMSURCARTE,SERVICESMS,SERVICEMAIL,SERVICELETTRE) values (801,461,'V','Nantz','V','V','V');
Insert into BANQUE.INFOCARTE (IDC,IDAPPLICATION,CARTEPRINCIPALE,NOMSURCARTE,SERVICESMS,SERVICEMAIL,SERVICELETTRE) values (802,462,'V','Cully','V','F','F');
Insert into BANQUE.INFOCARTE (IDC,IDAPPLICATION,CARTEPRINCIPALE,NOMSURCARTE,SERVICESMS,SERVICEMAIL,SERVICELETTRE) values (803,463,'V','Davenport','V','V','V');
Insert into BANQUE.INFOCARTE (IDC,IDAPPLICATION,CARTEPRINCIPALE,NOMSURCARTE,SERVICESMS,SERVICEMAIL,SERVICELETTRE) values (804,464,'V','Ng','V','V','V');
Insert into BANQUE.INFOCARTE (IDC,IDAPPLICATION,CARTEPRINCIPALE,NOMSURCARTE,SERVICESMS,SERVICEMAIL,SERVICELETTRE) values (805,465,'V','Heffelfinger','V','V','V');
Insert into BANQUE.INFOCARTE (IDC,IDAPPLICATION,CARTEPRINCIPALE,NOMSURCARTE,SERVICESMS,SERVICEMAIL,SERVICELETTRE) values (806,466,'V','Marrufo','V','V','V');
Insert into BANQUE.INFOCARTE (IDC,IDAPPLICATION,CARTEPRINCIPALE,NOMSURCARTE,SERVICESMS,SERVICEMAIL,SERVICELETTRE) values (807,467,'V','Lila Merlino','F','V','V');
Insert into BANQUE.INFOCARTE (IDC,IDAPPLICATION,CARTEPRINCIPALE,NOMSURCARTE,SERVICESMS,SERVICEMAIL,SERVICELETTRE) values (808,468,'V','Bragg','V','V','F');
Insert into BANQUE.INFOCARTE (IDC,IDAPPLICATION,CARTEPRINCIPALE,NOMSURCARTE,SERVICESMS,SERVICEMAIL,SERVICELETTRE) values (809,469,'V','Papineau','V','V','V');
Insert into BANQUE.INFOCARTE (IDC,IDAPPLICATION,CARTEPRINCIPALE,NOMSURCARTE,SERVICESMS,SERVICEMAIL,SERVICELETTRE) values (810,470,'V','Yedinak','V','F','V');
Insert into BANQUE.INFOCARTE (IDC,IDAPPLICATION,CARTEPRINCIPALE,NOMSURCARTE,SERVICESMS,SERVICEMAIL,SERVICELETTRE) values (811,471,'V','Leland','V','V','V');
Insert into BANQUE.INFOCARTE (IDC,IDAPPLICATION,CARTEPRINCIPALE,NOMSURCARTE,SERVICESMS,SERVICEMAIL,SERVICELETTRE) values (812,472,'V','Theus','V','V','V');
Insert into BANQUE.INFOCARTE (IDC,IDAPPLICATION,CARTEPRINCIPALE,NOMSURCARTE,SERVICESMS,SERVICEMAIL,SERVICELETTRE) values (813,473,'V','Abbey','V','F','V');
Insert into BANQUE.INFOCARTE (IDC,IDAPPLICATION,CARTEPRINCIPALE,NOMSURCARTE,SERVICESMS,SERVICEMAIL,SERVICELETTRE) values (814,474,'V','Pflum','V','V','V');
Insert into BANQUE.INFOCARTE (IDC,IDAPPLICATION,CARTEPRINCIPALE,NOMSURCARTE,SERVICESMS,SERVICEMAIL,SERVICELETTRE) values (815,475,'V','Kleiber','V','V','F');
Insert into BANQUE.INFOCARTE (IDC,IDAPPLICATION,CARTEPRINCIPALE,NOMSURCARTE,SERVICESMS,SERVICEMAIL,SERVICELETTRE) values (816,476,'V','Solum','V','V','V');
Insert into BANQUE.INFOCARTE (IDC,IDAPPLICATION,CARTEPRINCIPALE,NOMSURCARTE,SERVICESMS,SERVICEMAIL,SERVICELETTRE) values (817,477,'V','Loveday','V','F','V');
Insert into BANQUE.INFOCARTE (IDC,IDAPPLICATION,CARTEPRINCIPALE,NOMSURCARTE,SERVICESMS,SERVICEMAIL,SERVICELETTRE) values (818,478,'V','Seyfried','V','V','F');
Insert into BANQUE.INFOCARTE (IDC,IDAPPLICATION,CARTEPRINCIPALE,NOMSURCARTE,SERVICESMS,SERVICEMAIL,SERVICELETTRE) values (819,479,'V','Rummel','V','V','V');
Insert into BANQUE.INFOCARTE (IDC,IDAPPLICATION,CARTEPRINCIPALE,NOMSURCARTE,SERVICESMS,SERVICEMAIL,SERVICELETTRE) values (820,471,'F','Violet','V','V','V');
Insert into BANQUE.INFOCARTE (IDC,IDAPPLICATION,CARTEPRINCIPALE,NOMSURCARTE,SERVICESMS,SERVICEMAIL,SERVICELETTRE) values (821,472,'F','Evel','V','V','V');
Insert into BANQUE.INFOCARTE (IDC,IDAPPLICATION,CARTEPRINCIPALE,NOMSURCARTE,SERVICESMS,SERVICEMAIL,SERVICELETTRE) values (822,473,'F','Maiquelian','V','V','V');
Insert into BANQUE.INFOCARTE (IDC,IDAPPLICATION,CARTEPRINCIPALE,NOMSURCARTE,SERVICESMS,SERVICEMAIL,SERVICELETTRE) values (823,474,'F','Evraildar','V','F','V');
Insert into BANQUE.INFOCARTE (IDC,IDAPPLICATION,CARTEPRINCIPALE,NOMSURCARTE,SERVICESMS,SERVICEMAIL,SERVICELETTRE) values (824,475,'F','Ahlas','V','V','F');
Insert into BANQUE.INFOCARTE (IDC,IDAPPLICATION,CARTEPRINCIPALE,NOMSURCARTE,SERVICESMS,SERVICEMAIL,SERVICELETTRE) values (825,476,'F','Zyran','V','V','V');
Insert into BANQUE.INFOCARTE (IDC,IDAPPLICATION,CARTEPRINCIPALE,NOMSURCARTE,SERVICESMS,SERVICEMAIL,SERVICELETTRE) values (826,477,'F','Ahsanten','V','V','V');
Insert into BANQUE.INFOCARTE (IDC,IDAPPLICATION,CARTEPRINCIPALE,NOMSURCARTE,SERVICESMS,SERVICEMAIL,SERVICELETTRE) values (827,478,'F','Devon ','V','V','F');
Insert into BANQUE.INFOCARTE (IDC,IDAPPLICATION,CARTEPRINCIPALE,NOMSURCARTE,SERVICESMS,SERVICEMAIL,SERVICELETTRE) values (34,45,'V','Rami Abou Sabha','V','V','V');
REM INSERTING into BANQUE.INFOCARTESUP
SET DEFINE OFF;
Insert into BANQUE.INFOCARTESUP (IDC,NOM,PRENOM,SEXE,NATIONALITE,LEINRELATIVE,NUMEROTELMOBILE,NUMEROTEL,ADDRESSEEMAIL,ADDRESSE) values (820,'Warner','Cayla','M','Lebanon','Pere',1231212321,4656456,'asdasdsa','ewrewr');
Insert into BANQUE.INFOCARTESUP (IDC,NOM,PRENOM,SEXE,NATIONALITE,LEINRELATIVE,NUMEROTELMOBILE,NUMEROTEL,ADDRESSEEMAIL,ADDRESSE) values (821,'Rayford','Pia','F','Lebanon','Soeur',123121312,45654645,'asdasdsa','sdgdsv');
Insert into BANQUE.INFOCARTESUP (IDC,NOM,PRENOM,SEXE,NATIONALITE,LEINRELATIVE,NUMEROTELMOBILE,NUMEROTEL,ADDRESSEEMAIL,ADDRESSE) values (822,'Numbers','Dolores','M','Lebanon','Frere',123123123,45645654,'werewrwer','cxvcvsf');
Insert into BANQUE.INFOCARTESUP (IDC,NOM,PRENOM,SEXE,NATIONALITE,LEINRELATIVE,NUMEROTELMOBILE,NUMEROTEL,ADDRESSEEMAIL,ADDRESSE) values (823,'Earnest','Susanne','F','Lebanon','Soeur',123123312,456546,'asdasdsa','fdfdsfd');
Insert into BANQUE.INFOCARTESUP (IDC,NOM,PRENOM,SEXE,NATIONALITE,LEINRELATIVE,NUMEROTELMOBILE,NUMEROTEL,ADDRESSEEMAIL,ADDRESSE) values (824,'Stefan','Chanel','M','Lebanon','Fils',123123123,456456,'asdasdsa','sdfsdf');
Insert into BANQUE.INFOCARTESUP (IDC,NOM,PRENOM,SEXE,NATIONALITE,LEINRELATIVE,NUMEROTELMOBILE,NUMEROTEL,ADDRESSEEMAIL,ADDRESSE) values (825,'Elroy','Cicely','F','Lebanon','Mere',123123213,456456,'asdasdsa','werewr');
Insert into BANQUE.INFOCARTESUP (IDC,NOM,PRENOM,SEXE,NATIONALITE,LEINRELATIVE,NUMEROTELMOBILE,NUMEROTEL,ADDRESSEEMAIL,ADDRESSE) values (826,'Foster','Robbin','M','Lebanon','Frere',123123,4564456,'asasasqe','ssdfsdf');
Insert into BANQUE.INFOCARTESUP (IDC,NOM,PRENOM,SEXE,NATIONALITE,LEINRELATIVE,NUMEROTELMOBILE,NUMEROTEL,ADDRESSEEMAIL,ADDRESSE) values (827,'Werner','Evia','F','Lebanon','Soeur',123123,456456,'asdasdas','gregdfd');
REM INSERTING into BANQUE.CLIENT
SET DEFINE OFF;
Insert into BANQUE.CLIENT (IDCLIENT,IDEMPLOI,IDIP,IDBANQUE) values (41203450,41,86,412034);
Insert into BANQUE.CLIENT (IDCLIENT,IDEMPLOI,IDIP,IDBANQUE) values (41203461,300,200,412034);
Insert into BANQUE.CLIENT (IDCLIENT,IDEMPLOI,IDIP,IDBANQUE) values (41203464,302,202,412034);
Insert into BANQUE.CLIENT (IDCLIENT,IDEMPLOI,IDIP,IDBANQUE) values (41203465,303,203,412034);
Insert into BANQUE.CLIENT (IDCLIENT,IDEMPLOI,IDIP,IDBANQUE) values (41203467,304,204,412034);
Insert into BANQUE.CLIENT (IDCLIENT,IDEMPLOI,IDIP,IDBANQUE) values (41203468,301,201,412034);
Insert into BANQUE.CLIENT (IDCLIENT,IDEMPLOI,IDIP,IDBANQUE) values (41203469,306,206,412034);
Insert into BANQUE.CLIENT (IDCLIENT,IDEMPLOI,IDIP,IDBANQUE) values (41203470,307,207,412034);
Insert into BANQUE.CLIENT (IDCLIENT,IDEMPLOI,IDIP,IDBANQUE) values (41203471,310,210,412034);
Insert into BANQUE.CLIENT (IDCLIENT,IDEMPLOI,IDIP,IDBANQUE) values (41203472,311,211,412034);
Insert into BANQUE.CLIENT (IDCLIENT,IDEMPLOI,IDIP,IDBANQUE) values (41203494,309,209,412034);
Insert into BANQUE.CLIENT (IDCLIENT,IDEMPLOI,IDIP,IDBANQUE) values (41203495,312,212,412034);
Insert into BANQUE.CLIENT (IDCLIENT,IDEMPLOI,IDIP,IDBANQUE) values (41203496,314,214,412034);
Insert into BANQUE.CLIENT (IDCLIENT,IDEMPLOI,IDIP,IDBANQUE) values (41203497,315,215,412034);
Insert into BANQUE.CLIENT (IDCLIENT,IDEMPLOI,IDIP,IDBANQUE) values (41203498,317,217,412034);
Insert into BANQUE.CLIENT (IDCLIENT,IDEMPLOI,IDIP,IDBANQUE) values (41203481,305,205,412034);
Insert into BANQUE.CLIENT (IDCLIENT,IDEMPLOI,IDIP,IDBANQUE) values (41203482,308,208,412034);
REM INSERTING into BANQUE.COMPTE
SET DEFINE OFF;
Insert into BANQUE.COMPTE (NUMEROCOMPTE,IDCLIENT,IDBANQUE,LIMITEDEPENSE) values (791592469,41203450,412034,500);
Insert into BANQUE.COMPTE (NUMEROCOMPTE,IDCLIENT,IDBANQUE,LIMITEDEPENSE) values (791592478,41203464,412034,4200);
Insert into BANQUE.COMPTE (NUMEROCOMPTE,IDCLIENT,IDBANQUE,LIMITEDEPENSE) values (791592475,41203461,412034,5000);
Insert into BANQUE.COMPTE (NUMEROCOMPTE,IDCLIENT,IDBANQUE,LIMITEDEPENSE) values (791592479,41203465,412034,3200);
Insert into BANQUE.COMPTE (NUMEROCOMPTE,IDCLIENT,IDBANQUE,LIMITEDEPENSE) values (791592481,41203467,412034,3650);
Insert into BANQUE.COMPTE (NUMEROCOMPTE,IDCLIENT,IDBANQUE,LIMITEDEPENSE) values (791592482,41203468,412034,3250);
Insert into BANQUE.COMPTE (NUMEROCOMPTE,IDCLIENT,IDBANQUE,LIMITEDEPENSE) values (791592483,41203469,412034,2300);
Insert into BANQUE.COMPTE (NUMEROCOMPTE,IDCLIENT,IDBANQUE,LIMITEDEPENSE) values (791592484,41203470,412034,1900);
Insert into BANQUE.COMPTE (NUMEROCOMPTE,IDCLIENT,IDBANQUE,LIMITEDEPENSE) values (791592485,41203471,412034,3050);
Insert into BANQUE.COMPTE (NUMEROCOMPTE,IDCLIENT,IDBANQUE,LIMITEDEPENSE) values (791592486,41203472,412034,3700);
Insert into BANQUE.COMPTE (NUMEROCOMPTE,IDCLIENT,IDBANQUE,LIMITEDEPENSE) values (791592496,41203482,412034,3400);
Insert into BANQUE.COMPTE (NUMEROCOMPTE,IDCLIENT,IDBANQUE,LIMITEDEPENSE) values (791592508,41203494,412034,4700);
Insert into BANQUE.COMPTE (NUMEROCOMPTE,IDCLIENT,IDBANQUE,LIMITEDEPENSE) values (791592509,41203495,412034,1700);
Insert into BANQUE.COMPTE (NUMEROCOMPTE,IDCLIENT,IDBANQUE,LIMITEDEPENSE) values (791592510,41203496,412034,750);
Insert into BANQUE.COMPTE (NUMEROCOMPTE,IDCLIENT,IDBANQUE,LIMITEDEPENSE) values (791592511,41203497,412034,2000);
Insert into BANQUE.COMPTE (NUMEROCOMPTE,IDCLIENT,IDBANQUE,LIMITEDEPENSE) values (791592512,41203498,412034,1000);
Insert into BANQUE.COMPTE (NUMEROCOMPTE,IDCLIENT,IDBANQUE,LIMITEDEPENSE) values (791592494,41203468,412034,3250);
Insert into BANQUE.COMPTE (NUMEROCOMPTE,IDCLIENT,IDBANQUE,LIMITEDEPENSE) values (791592495,41203481,412034,900);
REM INSERTING into BANQUE.CARTE
SET DEFINE OFF;
Insert into BANQUE.CARTE (IDCARTE,NUMEROCOMPTE,IDIP,IDPRODUIT,IDBANQUE,DATEDEBUTVALIDITE,DATEFINVALIDITE,ACTIF,NOMSURCARTE,CARTEPRINCIPAL,SERVICESMS,SERVICEMAIL,SERVICELETTRE) values (4120348090102300,791592469,86,23,412034,to_date('24-MAY-14','DD-MON-RR'),to_date('24-MAY-17','DD-MON-RR'),'V','Rami Abou Sabha','V','V','V','V');
Insert into BANQUE.CARTE (IDCARTE,NUMEROCOMPTE,IDIP,IDPRODUIT,IDBANQUE,DATEDEBUTVALIDITE,DATEFINVALIDITE,ACTIF,NOMSURCARTE,CARTEPRINCIPAL,SERVICESMS,SERVICEMAIL,SERVICELETTRE) values (4120342400200390,791592479,203,22,412034,to_date('25-MAY-14','DD-MON-RR'),to_date('25-MAY-17','DD-MON-RR'),'V','Davenport','V','V','V','V');
Insert into BANQUE.CARTE (IDCARTE,NUMEROCOMPTE,IDIP,IDPRODUIT,IDBANQUE,DATEDEBUTVALIDITE,DATEFINVALIDITE,ACTIF,NOMSURCARTE,CARTEPRINCIPAL,SERVICESMS,SERVICEMAIL,SERVICELETTRE) values (4120341000000000,791592475,200,21,412034,to_date('25-MAY-14','DD-MON-RR'),to_date('25-MAY-17','DD-MON-RR'),'V','Nicholas','V','V','V','V');
Insert into BANQUE.CARTE (IDCARTE,NUMEROCOMPTE,IDIP,IDPRODUIT,IDBANQUE,DATEDEBUTVALIDITE,DATEFINVALIDITE,ACTIF,NOMSURCARTE,CARTEPRINCIPAL,SERVICESMS,SERVICEMAIL,SERVICELETTRE) values (4120341000000010,791592478,202,21,412034,to_date('25-MAY-14','DD-MON-RR'),to_date('25-MAY-17','DD-MON-RR'),'V','Cully','V','V','F','F');
Insert into BANQUE.CARTE (IDCARTE,NUMEROCOMPTE,IDIP,IDPRODUIT,IDBANQUE,DATEDEBUTVALIDITE,DATEFINVALIDITE,ACTIF,NOMSURCARTE,CARTEPRINCIPAL,SERVICESMS,SERVICEMAIL,SERVICELETTRE) values (4120348090102310,791592481,204,23,412034,to_date('25-MAY-14','DD-MON-RR'),to_date('25-MAY-17','DD-MON-RR'),'V','Ng','V','V','V','V');
Insert into BANQUE.CARTE (IDCARTE,NUMEROCOMPTE,IDIP,IDPRODUIT,IDBANQUE,DATEDEBUTVALIDITE,DATEFINVALIDITE,ACTIF,NOMSURCARTE,CARTEPRINCIPAL,SERVICESMS,SERVICEMAIL,SERVICELETTRE) values (4120348090102344,791592484,207,23,412034,to_date('25-MAY-14','DD-MON-RR'),to_date('25-MAY-17','DD-MON-RR'),'V','Lila Merlino','V','F','V','V');
Insert into BANQUE.CARTE (IDCARTE,NUMEROCOMPTE,IDIP,IDPRODUIT,IDBANQUE,DATEDEBUTVALIDITE,DATEFINVALIDITE,ACTIF,NOMSURCARTE,CARTEPRINCIPAL,SERVICESMS,SERVICEMAIL,SERVICELETTRE) values (4120341000000021,791592485,210,21,412034,to_date('25-MAY-14','DD-MON-RR'),to_date('25-MAY-17','DD-MON-RR'),'V','Yedinak','V','V','F','V');
Insert into BANQUE.CARTE (IDCARTE,NUMEROCOMPTE,IDIP,IDPRODUIT,IDBANQUE,DATEDEBUTVALIDITE,DATEFINVALIDITE,ACTIF,NOMSURCARTE,CARTEPRINCIPAL,SERVICESMS,SERVICEMAIL,SERVICELETTRE) values (4120342400200401,791592486,211,22,412034,to_date('25-MAY-14','DD-MON-RR'),to_date('25-MAY-17','DD-MON-RR'),'V','Leland','V','V','V','V');
Insert into BANQUE.CARTE (IDCARTE,NUMEROCOMPTE,IDIP,IDPRODUIT,IDBANQUE,DATEDEBUTVALIDITE,DATEFINVALIDITE,ACTIF,NOMSURCARTE,CARTEPRINCIPAL,SERVICESMS,SERVICEMAIL,SERVICELETTRE) values (4120342400200419,791592486,211,22,412034,to_date('25-MAY-14','DD-MON-RR'),to_date('25-MAY-17','DD-MON-RR'),'V','Violet','F','V','V','V');
Insert into BANQUE.CARTE (IDCARTE,NUMEROCOMPTE,IDIP,IDPRODUIT,IDBANQUE,DATEDEBUTVALIDITE,DATEFINVALIDITE,ACTIF,NOMSURCARTE,CARTEPRINCIPAL,SERVICESMS,SERVICEMAIL,SERVICELETTRE) values (4120348090102328,791592482,201,23,412034,to_date('25-MAY-14','DD-MON-RR'),to_date('25-MAY-17','DD-MON-RR'),'V','Nantz','V','V','V','V');
Insert into BANQUE.CARTE (IDCARTE,NUMEROCOMPTE,IDIP,IDPRODUIT,IDBANQUE,DATEDEBUTVALIDITE,DATEFINVALIDITE,ACTIF,NOMSURCARTE,CARTEPRINCIPAL,SERVICESMS,SERVICEMAIL,SERVICELETTRE) values (4120348090102336,791592483,206,23,412034,to_date('25-MAY-14','DD-MON-RR'),to_date('25-MAY-17','DD-MON-RR'),'V','Marrufo','V','V','V','V');
Insert into BANQUE.CARTE (IDCARTE,NUMEROCOMPTE,IDIP,IDPRODUIT,IDBANQUE,DATEDEBUTVALIDITE,DATEFINVALIDITE,ACTIF,NOMSURCARTE,CARTEPRINCIPAL,SERVICESMS,SERVICEMAIL,SERVICELETTRE) values (4120348090102443,791592496,208,23,412034,to_date('25-MAY-14','DD-MON-RR'),to_date('25-MAY-17','DD-MON-RR'),'V','Bragg','V','V','V','F');
Insert into BANQUE.CARTE (IDCARTE,NUMEROCOMPTE,IDIP,IDPRODUIT,IDBANQUE,DATEDEBUTVALIDITE,DATEFINVALIDITE,ACTIF,NOMSURCARTE,CARTEPRINCIPAL,SERVICESMS,SERVICEMAIL,SERVICELETTRE) values (4120348090102455,791592508,209,23,412034,to_date('25-MAY-14','DD-MON-RR'),to_date('25-MAY-17','DD-MON-RR'),'V','Papineau','V','V','V','V');
Insert into BANQUE.CARTE (IDCARTE,NUMEROCOMPTE,IDIP,IDPRODUIT,IDBANQUE,DATEDEBUTVALIDITE,DATEFINVALIDITE,ACTIF,NOMSURCARTE,CARTEPRINCIPAL,SERVICESMS,SERVICEMAIL,SERVICELETTRE) values (4120348090102468,791592509,212,23,412034,to_date('25-MAY-14','DD-MON-RR'),to_date('25-MAY-17','DD-MON-RR'),'V','Theus','V','V','V','V');
Insert into BANQUE.CARTE (IDCARTE,NUMEROCOMPTE,IDIP,IDPRODUIT,IDBANQUE,DATEDEBUTVALIDITE,DATEFINVALIDITE,ACTIF,NOMSURCARTE,CARTEPRINCIPAL,SERVICESMS,SERVICEMAIL,SERVICELETTRE) values (4120348090102476,791592509,212,23,412034,to_date('25-MAY-14','DD-MON-RR'),to_date('25-MAY-17','DD-MON-RR'),'V','Evel','F','V','V','V');
Insert into BANQUE.CARTE (IDCARTE,NUMEROCOMPTE,IDIP,IDPRODUIT,IDBANQUE,DATEDEBUTVALIDITE,DATEFINVALIDITE,ACTIF,NOMSURCARTE,CARTEPRINCIPAL,SERVICESMS,SERVICEMAIL,SERVICELETTRE) values (4120348090102484,791592510,214,23,412034,to_date('25-MAY-14','DD-MON-RR'),to_date('25-MAY-17','DD-MON-RR'),'V','Pflum','V','V','V','V');
Insert into BANQUE.CARTE (IDCARTE,NUMEROCOMPTE,IDIP,IDPRODUIT,IDBANQUE,DATEDEBUTVALIDITE,DATEFINVALIDITE,ACTIF,NOMSURCARTE,CARTEPRINCIPAL,SERVICESMS,SERVICEMAIL,SERVICELETTRE) values (4120348090102492,791592510,214,23,412034,to_date('25-MAY-14','DD-MON-RR'),to_date('25-MAY-17','DD-MON-RR'),'V','Evraildar','F','V','F','V');
Insert into BANQUE.CARTE (IDCARTE,NUMEROCOMPTE,IDIP,IDPRODUIT,IDBANQUE,DATEDEBUTVALIDITE,DATEFINVALIDITE,ACTIF,NOMSURCARTE,CARTEPRINCIPAL,SERVICESMS,SERVICEMAIL,SERVICELETTRE) values (4120348090102500,791592511,215,23,412034,to_date('25-MAY-14','DD-MON-RR'),to_date('25-MAY-17','DD-MON-RR'),'V','Kleiber','V','V','V','F');
Insert into BANQUE.CARTE (IDCARTE,NUMEROCOMPTE,IDIP,IDPRODUIT,IDBANQUE,DATEDEBUTVALIDITE,DATEFINVALIDITE,ACTIF,NOMSURCARTE,CARTEPRINCIPAL,SERVICESMS,SERVICEMAIL,SERVICELETTRE) values (4120348090102518,791592511,215,23,412034,to_date('25-MAY-14','DD-MON-RR'),to_date('25-MAY-17','DD-MON-RR'),'V','Ahlas','F','V','V','F');
Insert into BANQUE.CARTE (IDCARTE,NUMEROCOMPTE,IDIP,IDPRODUIT,IDBANQUE,DATEDEBUTVALIDITE,DATEFINVALIDITE,ACTIF,NOMSURCARTE,CARTEPRINCIPAL,SERVICESMS,SERVICEMAIL,SERVICELETTRE) values (4120341000000070,791592512,217,21,412034,to_date('25-MAY-14','DD-MON-RR'),to_date('25-MAY-17','DD-MON-RR'),'V','Loveday','V','V','F','V');
Insert into BANQUE.CARTE (IDCARTE,NUMEROCOMPTE,IDIP,IDPRODUIT,IDBANQUE,DATEDEBUTVALIDITE,DATEFINVALIDITE,ACTIF,NOMSURCARTE,CARTEPRINCIPAL,SERVICESMS,SERVICEMAIL,SERVICELETTRE) values (4120341000000088,791592512,217,21,412034,to_date('25-MAY-14','DD-MON-RR'),to_date('25-MAY-17','DD-MON-RR'),'V','Ahsanten','F','V','V','V');
Insert into BANQUE.CARTE (IDCARTE,NUMEROCOMPTE,IDIP,IDPRODUIT,IDBANQUE,DATEDEBUTVALIDITE,DATEFINVALIDITE,ACTIF,NOMSURCARTE,CARTEPRINCIPAL,SERVICESMS,SERVICEMAIL,SERVICELETTRE) values (4120348090102435,791592494,201,23,412034,to_date('25-MAY-14','DD-MON-RR'),to_date('25-MAY-17','DD-MON-RR'),'V','Nantz','V','V','V','V');
Insert into BANQUE.CARTE (IDCARTE,NUMEROCOMPTE,IDIP,IDPRODUIT,IDBANQUE,DATEDEBUTVALIDITE,DATEFINVALIDITE,ACTIF,NOMSURCARTE,CARTEPRINCIPAL,SERVICESMS,SERVICEMAIL,SERVICELETTRE) values (4120341000000062,791592495,205,21,412034,to_date('25-MAY-14','DD-MON-RR'),to_date('25-MAY-17','DD-MON-RR'),'V','Heffelfinger','V','V','V','V');
REM INSERTING into BANQUE.CARTESUPLEMENTAIRE
SET DEFINE OFF;
Insert into BANQUE.CARTESUPLEMENTAIRE (IDCARTE,NOM,PRENOM,SEXE,NATIONALITE,LEINRELATIVE,NUMEROTELMOBILE,NUMEROTEL,ADDRESSEEMAIL,ADDRESSE) values (4120342400200419,'Warner','Cayla','M','Lebanon','Pere',1231212321,4656456,'asdasdsa','ewrewr');
Insert into BANQUE.CARTESUPLEMENTAIRE (IDCARTE,NOM,PRENOM,SEXE,NATIONALITE,LEINRELATIVE,NUMEROTELMOBILE,NUMEROTEL,ADDRESSEEMAIL,ADDRESSE) values (4120348090102369,'Rayford','Pia','F','Lebanon','Soeur',123121312,45654645,'asdasdsa','sdgdsv');
Insert into BANQUE.CARTESUPLEMENTAIRE (IDCARTE,NOM,PRENOM,SEXE,NATIONALITE,LEINRELATIVE,NUMEROTELMOBILE,NUMEROTEL,ADDRESSEEMAIL,ADDRESSE) values (4120348090102385,'Earnest','Susanne','F','Lebanon','Soeur',123123312,456546,'asdasdsa','fdfdsfd');
Insert into BANQUE.CARTESUPLEMENTAIRE (IDCARTE,NOM,PRENOM,SEXE,NATIONALITE,LEINRELATIVE,NUMEROTELMOBILE,NUMEROTEL,ADDRESSEEMAIL,ADDRESSE) values (4120348090102401,'Stefan','Chanel','M','Lebanon','Fils',123123123,456456,'asdasdsa','sdfsdf');
Insert into BANQUE.CARTESUPLEMENTAIRE (IDCARTE,NOM,PRENOM,SEXE,NATIONALITE,LEINRELATIVE,NUMEROTELMOBILE,NUMEROTEL,ADDRESSEEMAIL,ADDRESSE) values (4120341000000047,'Foster','Robbin','M','Lebanon','Frere',123123,4564456,'asasasqe','ssdfsdf');
Insert into BANQUE.CARTESUPLEMENTAIRE (IDCARTE,NOM,PRENOM,SEXE,NATIONALITE,LEINRELATIVE,NUMEROTELMOBILE,NUMEROTEL,ADDRESSEEMAIL,ADDRESSE) values (4120348090102476,'Rayford','Pia','F','Lebanon','Soeur',123121312,45654645,'asdasdsa','sdgdsv');
Insert into BANQUE.CARTESUPLEMENTAIRE (IDCARTE,NOM,PRENOM,SEXE,NATIONALITE,LEINRELATIVE,NUMEROTELMOBILE,NUMEROTEL,ADDRESSEEMAIL,ADDRESSE) values (4120348090102492,'Earnest','Susanne','F','Lebanon','Soeur',123123312,456546,'asdasdsa','fdfdsfd');
Insert into BANQUE.CARTESUPLEMENTAIRE (IDCARTE,NOM,PRENOM,SEXE,NATIONALITE,LEINRELATIVE,NUMEROTELMOBILE,NUMEROTEL,ADDRESSEEMAIL,ADDRESSE) values (4120348090102518,'Stefan','Chanel','M','Lebanon','Fils',123123123,456456,'asdasdsa','sdfsdf');
Insert into BANQUE.CARTESUPLEMENTAIRE (IDCARTE,NOM,PRENOM,SEXE,NATIONALITE,LEINRELATIVE,NUMEROTELMOBILE,NUMEROTEL,ADDRESSEEMAIL,ADDRESSE) values (4120341000000088,'Foster','Robbin','M','Lebanon','Frere',123123,4564456,'asasasqe','ssdfsdf');
REM INSERTING into BANQUE.DEPENSE_REMBOURSEMENTCOMPTE
SET DEFINE OFF;
Insert into BANQUE.DEPENSE_REMBOURSEMENTCOMPTE (MOIS,ANNEE,NUMEROCOMPTE,IDBANQUE,DEPENSE,REMBOURSEMENT) values (1,2014,791592469,412034,452,277);
Insert into BANQUE.DEPENSE_REMBOURSEMENTCOMPTE (MOIS,ANNEE,NUMEROCOMPTE,IDBANQUE,DEPENSE,REMBOURSEMENT) values (1,2014,791592478,412034,1561,862);
Insert into BANQUE.DEPENSE_REMBOURSEMENTCOMPTE (MOIS,ANNEE,NUMEROCOMPTE,IDBANQUE,DEPENSE,REMBOURSEMENT) values (1,2014,791592475,412034,714,599);
Insert into BANQUE.DEPENSE_REMBOURSEMENTCOMPTE (MOIS,ANNEE,NUMEROCOMPTE,IDBANQUE,DEPENSE,REMBOURSEMENT) values (1,2014,791592479,412034,719,504);
Insert into BANQUE.DEPENSE_REMBOURSEMENTCOMPTE (MOIS,ANNEE,NUMEROCOMPTE,IDBANQUE,DEPENSE,REMBOURSEMENT) values (1,2014,791592481,412034,2218,226);
Insert into BANQUE.DEPENSE_REMBOURSEMENTCOMPTE (MOIS,ANNEE,NUMEROCOMPTE,IDBANQUE,DEPENSE,REMBOURSEMENT) values (5,2013,791592469,412034,200,50);
Insert into BANQUE.DEPENSE_REMBOURSEMENTCOMPTE (MOIS,ANNEE,NUMEROCOMPTE,IDBANQUE,DEPENSE,REMBOURSEMENT) values (1,2014,791592482,412034,3142,169);
Insert into BANQUE.DEPENSE_REMBOURSEMENTCOMPTE (MOIS,ANNEE,NUMEROCOMPTE,IDBANQUE,DEPENSE,REMBOURSEMENT) values (1,2014,791592483,412034,1157,515);
Insert into BANQUE.DEPENSE_REMBOURSEMENTCOMPTE (MOIS,ANNEE,NUMEROCOMPTE,IDBANQUE,DEPENSE,REMBOURSEMENT) values (1,2014,791592484,412034,115,44);
Insert into BANQUE.DEPENSE_REMBOURSEMENTCOMPTE (MOIS,ANNEE,NUMEROCOMPTE,IDBANQUE,DEPENSE,REMBOURSEMENT) values (1,2014,791592485,412034,435,53);
Insert into BANQUE.DEPENSE_REMBOURSEMENTCOMPTE (MOIS,ANNEE,NUMEROCOMPTE,IDBANQUE,DEPENSE,REMBOURSEMENT) values (1,2014,791592486,412034,2431,480);
Insert into BANQUE.DEPENSE_REMBOURSEMENTCOMPTE (MOIS,ANNEE,NUMEROCOMPTE,IDBANQUE,DEPENSE,REMBOURSEMENT) values (1,2014,791592496,412034,2410,1459);
Insert into BANQUE.DEPENSE_REMBOURSEMENTCOMPTE (MOIS,ANNEE,NUMEROCOMPTE,IDBANQUE,DEPENSE,REMBOURSEMENT) values (1,2014,791592508,412034,64,6);
Insert into BANQUE.DEPENSE_REMBOURSEMENTCOMPTE (MOIS,ANNEE,NUMEROCOMPTE,IDBANQUE,DEPENSE,REMBOURSEMENT) values (1,2014,791592509,412034,1655,1442);
Insert into BANQUE.DEPENSE_REMBOURSEMENTCOMPTE (MOIS,ANNEE,NUMEROCOMPTE,IDBANQUE,DEPENSE,REMBOURSEMENT) values (1,2014,791592510,412034,122,112);
Insert into BANQUE.DEPENSE_REMBOURSEMENTCOMPTE (MOIS,ANNEE,NUMEROCOMPTE,IDBANQUE,DEPENSE,REMBOURSEMENT) values (1,2014,791592511,412034,29,22);
Insert into BANQUE.DEPENSE_REMBOURSEMENTCOMPTE (MOIS,ANNEE,NUMEROCOMPTE,IDBANQUE,DEPENSE,REMBOURSEMENT) values (1,2014,791592512,412034,549,132);
Insert into BANQUE.DEPENSE_REMBOURSEMENTCOMPTE (MOIS,ANNEE,NUMEROCOMPTE,IDBANQUE,DEPENSE,REMBOURSEMENT) values (1,2014,791592494,412034,1278,214);
Insert into BANQUE.DEPENSE_REMBOURSEMENTCOMPTE (MOIS,ANNEE,NUMEROCOMPTE,IDBANQUE,DEPENSE,REMBOURSEMENT) values (1,2014,791592495,412034,896,1);
Insert into BANQUE.DEPENSE_REMBOURSEMENTCOMPTE (MOIS,ANNEE,NUMEROCOMPTE,IDBANQUE,DEPENSE,REMBOURSEMENT) values (2,2014,791592469,412034,172,65);
Insert into BANQUE.DEPENSE_REMBOURSEMENTCOMPTE (MOIS,ANNEE,NUMEROCOMPTE,IDBANQUE,DEPENSE,REMBOURSEMENT) values (2,2014,791592478,412034,65,10);
Insert into BANQUE.DEPENSE_REMBOURSEMENTCOMPTE (MOIS,ANNEE,NUMEROCOMPTE,IDBANQUE,DEPENSE,REMBOURSEMENT) values (2,2014,791592475,412034,2091,681);
Insert into BANQUE.DEPENSE_REMBOURSEMENTCOMPTE (MOIS,ANNEE,NUMEROCOMPTE,IDBANQUE,DEPENSE,REMBOURSEMENT) values (2,2014,791592479,412034,1090,1018);
Insert into BANQUE.DEPENSE_REMBOURSEMENTCOMPTE (MOIS,ANNEE,NUMEROCOMPTE,IDBANQUE,DEPENSE,REMBOURSEMENT) values (2,2014,791592481,412034,2723,617);
Insert into BANQUE.DEPENSE_REMBOURSEMENTCOMPTE (MOIS,ANNEE,NUMEROCOMPTE,IDBANQUE,DEPENSE,REMBOURSEMENT) values (2,2014,791592482,412034,29,18);
Insert into BANQUE.DEPENSE_REMBOURSEMENTCOMPTE (MOIS,ANNEE,NUMEROCOMPTE,IDBANQUE,DEPENSE,REMBOURSEMENT) values (2,2014,791592483,412034,723,76);
Insert into BANQUE.DEPENSE_REMBOURSEMENTCOMPTE (MOIS,ANNEE,NUMEROCOMPTE,IDBANQUE,DEPENSE,REMBOURSEMENT) values (2,2014,791592484,412034,284,166);
Insert into BANQUE.DEPENSE_REMBOURSEMENTCOMPTE (MOIS,ANNEE,NUMEROCOMPTE,IDBANQUE,DEPENSE,REMBOURSEMENT) values (2,2014,791592485,412034,2774,1047);
Insert into BANQUE.DEPENSE_REMBOURSEMENTCOMPTE (MOIS,ANNEE,NUMEROCOMPTE,IDBANQUE,DEPENSE,REMBOURSEMENT) values (2,2014,791592486,412034,581,434);
Insert into BANQUE.DEPENSE_REMBOURSEMENTCOMPTE (MOIS,ANNEE,NUMEROCOMPTE,IDBANQUE,DEPENSE,REMBOURSEMENT) values (2,2014,791592496,412034,1388,1371);
Insert into BANQUE.DEPENSE_REMBOURSEMENTCOMPTE (MOIS,ANNEE,NUMEROCOMPTE,IDBANQUE,DEPENSE,REMBOURSEMENT) values (2,2014,791592508,412034,1923,1299);
Insert into BANQUE.DEPENSE_REMBOURSEMENTCOMPTE (MOIS,ANNEE,NUMEROCOMPTE,IDBANQUE,DEPENSE,REMBOURSEMENT) values (2,2014,791592509,412034,1555,756);
Insert into BANQUE.DEPENSE_REMBOURSEMENTCOMPTE (MOIS,ANNEE,NUMEROCOMPTE,IDBANQUE,DEPENSE,REMBOURSEMENT) values (2,2014,791592510,412034,660,461);
Insert into BANQUE.DEPENSE_REMBOURSEMENTCOMPTE (MOIS,ANNEE,NUMEROCOMPTE,IDBANQUE,DEPENSE,REMBOURSEMENT) values (2,2014,791592511,412034,1161,266);
Insert into BANQUE.DEPENSE_REMBOURSEMENTCOMPTE (MOIS,ANNEE,NUMEROCOMPTE,IDBANQUE,DEPENSE,REMBOURSEMENT) values (2,2014,791592512,412034,662,649);
Insert into BANQUE.DEPENSE_REMBOURSEMENTCOMPTE (MOIS,ANNEE,NUMEROCOMPTE,IDBANQUE,DEPENSE,REMBOURSEMENT) values (2,2014,791592494,412034,139,15);
Insert into BANQUE.DEPENSE_REMBOURSEMENTCOMPTE (MOIS,ANNEE,NUMEROCOMPTE,IDBANQUE,DEPENSE,REMBOURSEMENT) values (2,2014,791592495,412034,754,204);
Insert into BANQUE.DEPENSE_REMBOURSEMENTCOMPTE (MOIS,ANNEE,NUMEROCOMPTE,IDBANQUE,DEPENSE,REMBOURSEMENT) values (3,2014,791592469,412034,28,23);
Insert into BANQUE.DEPENSE_REMBOURSEMENTCOMPTE (MOIS,ANNEE,NUMEROCOMPTE,IDBANQUE,DEPENSE,REMBOURSEMENT) values (3,2014,791592478,412034,1465,374);
Insert into BANQUE.DEPENSE_REMBOURSEMENTCOMPTE (MOIS,ANNEE,NUMEROCOMPTE,IDBANQUE,DEPENSE,REMBOURSEMENT) values (3,2014,791592475,412034,28,25);
Insert into BANQUE.DEPENSE_REMBOURSEMENTCOMPTE (MOIS,ANNEE,NUMEROCOMPTE,IDBANQUE,DEPENSE,REMBOURSEMENT) values (3,2014,791592479,412034,1067,458);
Insert into BANQUE.DEPENSE_REMBOURSEMENTCOMPTE (MOIS,ANNEE,NUMEROCOMPTE,IDBANQUE,DEPENSE,REMBOURSEMENT) values (3,2014,791592481,412034,2151,1868);
Insert into BANQUE.DEPENSE_REMBOURSEMENTCOMPTE (MOIS,ANNEE,NUMEROCOMPTE,IDBANQUE,DEPENSE,REMBOURSEMENT) values (3,2014,791592482,412034,531,172);
Insert into BANQUE.DEPENSE_REMBOURSEMENTCOMPTE (MOIS,ANNEE,NUMEROCOMPTE,IDBANQUE,DEPENSE,REMBOURSEMENT) values (3,2014,791592483,412034,927,833);
Insert into BANQUE.DEPENSE_REMBOURSEMENTCOMPTE (MOIS,ANNEE,NUMEROCOMPTE,IDBANQUE,DEPENSE,REMBOURSEMENT) values (3,2014,791592484,412034,473,263);
Insert into BANQUE.DEPENSE_REMBOURSEMENTCOMPTE (MOIS,ANNEE,NUMEROCOMPTE,IDBANQUE,DEPENSE,REMBOURSEMENT) values (3,2014,791592485,412034,844,457);
Insert into BANQUE.DEPENSE_REMBOURSEMENTCOMPTE (MOIS,ANNEE,NUMEROCOMPTE,IDBANQUE,DEPENSE,REMBOURSEMENT) values (3,2014,791592486,412034,3064,581);
Insert into BANQUE.DEPENSE_REMBOURSEMENTCOMPTE (MOIS,ANNEE,NUMEROCOMPTE,IDBANQUE,DEPENSE,REMBOURSEMENT) values (3,2014,791592496,412034,19,10);
Insert into BANQUE.DEPENSE_REMBOURSEMENTCOMPTE (MOIS,ANNEE,NUMEROCOMPTE,IDBANQUE,DEPENSE,REMBOURSEMENT) values (3,2014,791592508,412034,3208,310);
Insert into BANQUE.DEPENSE_REMBOURSEMENTCOMPTE (MOIS,ANNEE,NUMEROCOMPTE,IDBANQUE,DEPENSE,REMBOURSEMENT) values (3,2014,791592509,412034,1694,171);
Insert into BANQUE.DEPENSE_REMBOURSEMENTCOMPTE (MOIS,ANNEE,NUMEROCOMPTE,IDBANQUE,DEPENSE,REMBOURSEMENT) values (3,2014,791592510,412034,502,347);
Insert into BANQUE.DEPENSE_REMBOURSEMENTCOMPTE (MOIS,ANNEE,NUMEROCOMPTE,IDBANQUE,DEPENSE,REMBOURSEMENT) values (3,2014,791592511,412034,271,24);
Insert into BANQUE.DEPENSE_REMBOURSEMENTCOMPTE (MOIS,ANNEE,NUMEROCOMPTE,IDBANQUE,DEPENSE,REMBOURSEMENT) values (3,2014,791592512,412034,628,576);
Insert into BANQUE.DEPENSE_REMBOURSEMENTCOMPTE (MOIS,ANNEE,NUMEROCOMPTE,IDBANQUE,DEPENSE,REMBOURSEMENT) values (3,2014,791592494,412034,2096,168);
Insert into BANQUE.DEPENSE_REMBOURSEMENTCOMPTE (MOIS,ANNEE,NUMEROCOMPTE,IDBANQUE,DEPENSE,REMBOURSEMENT) values (3,2014,791592495,412034,661,143);
Insert into BANQUE.DEPENSE_REMBOURSEMENTCOMPTE (MOIS,ANNEE,NUMEROCOMPTE,IDBANQUE,DEPENSE,REMBOURSEMENT) values (4,2014,791592469,412034,342,175);
Insert into BANQUE.DEPENSE_REMBOURSEMENTCOMPTE (MOIS,ANNEE,NUMEROCOMPTE,IDBANQUE,DEPENSE,REMBOURSEMENT) values (4,2014,791592478,412034,2738,2675);
Insert into BANQUE.DEPENSE_REMBOURSEMENTCOMPTE (MOIS,ANNEE,NUMEROCOMPTE,IDBANQUE,DEPENSE,REMBOURSEMENT) values (4,2014,791592475,412034,1914,574);
Insert into BANQUE.DEPENSE_REMBOURSEMENTCOMPTE (MOIS,ANNEE,NUMEROCOMPTE,IDBANQUE,DEPENSE,REMBOURSEMENT) values (4,2014,791592479,412034,1718,448);
Insert into BANQUE.DEPENSE_REMBOURSEMENTCOMPTE (MOIS,ANNEE,NUMEROCOMPTE,IDBANQUE,DEPENSE,REMBOURSEMENT) values (4,2014,791592481,412034,1657,1091);
Insert into BANQUE.DEPENSE_REMBOURSEMENTCOMPTE (MOIS,ANNEE,NUMEROCOMPTE,IDBANQUE,DEPENSE,REMBOURSEMENT) values (4,2014,791592482,412034,2416,334);
Insert into BANQUE.DEPENSE_REMBOURSEMENTCOMPTE (MOIS,ANNEE,NUMEROCOMPTE,IDBANQUE,DEPENSE,REMBOURSEMENT) values (4,2014,791592483,412034,1078,307);
Insert into BANQUE.DEPENSE_REMBOURSEMENTCOMPTE (MOIS,ANNEE,NUMEROCOMPTE,IDBANQUE,DEPENSE,REMBOURSEMENT) values (4,2014,791592484,412034,788,387);
Insert into BANQUE.DEPENSE_REMBOURSEMENTCOMPTE (MOIS,ANNEE,NUMEROCOMPTE,IDBANQUE,DEPENSE,REMBOURSEMENT) values (4,2014,791592485,412034,1509,1274);
Insert into BANQUE.DEPENSE_REMBOURSEMENTCOMPTE (MOIS,ANNEE,NUMEROCOMPTE,IDBANQUE,DEPENSE,REMBOURSEMENT) values (4,2014,791592486,412034,875,865);
Insert into BANQUE.DEPENSE_REMBOURSEMENTCOMPTE (MOIS,ANNEE,NUMEROCOMPTE,IDBANQUE,DEPENSE,REMBOURSEMENT) values (4,2014,791592496,412034,3230,1218);
Insert into BANQUE.DEPENSE_REMBOURSEMENTCOMPTE (MOIS,ANNEE,NUMEROCOMPTE,IDBANQUE,DEPENSE,REMBOURSEMENT) values (4,2014,791592508,412034,3966,620);
Insert into BANQUE.DEPENSE_REMBOURSEMENTCOMPTE (MOIS,ANNEE,NUMEROCOMPTE,IDBANQUE,DEPENSE,REMBOURSEMENT) values (4,2014,791592509,412034,1413,918);
Insert into BANQUE.DEPENSE_REMBOURSEMENTCOMPTE (MOIS,ANNEE,NUMEROCOMPTE,IDBANQUE,DEPENSE,REMBOURSEMENT) values (4,2014,791592510,412034,378,179);
Insert into BANQUE.DEPENSE_REMBOURSEMENTCOMPTE (MOIS,ANNEE,NUMEROCOMPTE,IDBANQUE,DEPENSE,REMBOURSEMENT) values (4,2014,791592511,412034,1728,1043);
Insert into BANQUE.DEPENSE_REMBOURSEMENTCOMPTE (MOIS,ANNEE,NUMEROCOMPTE,IDBANQUE,DEPENSE,REMBOURSEMENT) values (4,2014,791592512,412034,121,8);
Insert into BANQUE.DEPENSE_REMBOURSEMENTCOMPTE (MOIS,ANNEE,NUMEROCOMPTE,IDBANQUE,DEPENSE,REMBOURSEMENT) values (4,2014,791592494,412034,1690,1114);
Insert into BANQUE.DEPENSE_REMBOURSEMENTCOMPTE (MOIS,ANNEE,NUMEROCOMPTE,IDBANQUE,DEPENSE,REMBOURSEMENT) values (4,2014,791592495,412034,689,93);
Insert into BANQUE.DEPENSE_REMBOURSEMENTCOMPTE (MOIS,ANNEE,NUMEROCOMPTE,IDBANQUE,DEPENSE,REMBOURSEMENT) values (5,2014,791592469,412034,108,89);
Insert into BANQUE.DEPENSE_REMBOURSEMENTCOMPTE (MOIS,ANNEE,NUMEROCOMPTE,IDBANQUE,DEPENSE,REMBOURSEMENT) values (5,2014,791592478,412034,3228,2315);
Insert into BANQUE.DEPENSE_REMBOURSEMENTCOMPTE (MOIS,ANNEE,NUMEROCOMPTE,IDBANQUE,DEPENSE,REMBOURSEMENT) values (5,2014,791592475,412034,251,205);
Insert into BANQUE.DEPENSE_REMBOURSEMENTCOMPTE (MOIS,ANNEE,NUMEROCOMPTE,IDBANQUE,DEPENSE,REMBOURSEMENT) values (5,2014,791592479,412034,218,21);
Insert into BANQUE.DEPENSE_REMBOURSEMENTCOMPTE (MOIS,ANNEE,NUMEROCOMPTE,IDBANQUE,DEPENSE,REMBOURSEMENT) values (5,2014,791592481,412034,1882,751);
Insert into BANQUE.DEPENSE_REMBOURSEMENTCOMPTE (MOIS,ANNEE,NUMEROCOMPTE,IDBANQUE,DEPENSE,REMBOURSEMENT) values (5,2014,791592482,412034,1534,501);
Insert into BANQUE.DEPENSE_REMBOURSEMENTCOMPTE (MOIS,ANNEE,NUMEROCOMPTE,IDBANQUE,DEPENSE,REMBOURSEMENT) values (5,2014,791592483,412034,667,463);
Insert into BANQUE.DEPENSE_REMBOURSEMENTCOMPTE (MOIS,ANNEE,NUMEROCOMPTE,IDBANQUE,DEPENSE,REMBOURSEMENT) values (5,2014,791592484,412034,1635,1270);
Insert into BANQUE.DEPENSE_REMBOURSEMENTCOMPTE (MOIS,ANNEE,NUMEROCOMPTE,IDBANQUE,DEPENSE,REMBOURSEMENT) values (5,2014,791592485,412034,1750,1131);
Insert into BANQUE.DEPENSE_REMBOURSEMENTCOMPTE (MOIS,ANNEE,NUMEROCOMPTE,IDBANQUE,DEPENSE,REMBOURSEMENT) values (5,2014,791592486,412034,2937,2317);
Insert into BANQUE.DEPENSE_REMBOURSEMENTCOMPTE (MOIS,ANNEE,NUMEROCOMPTE,IDBANQUE,DEPENSE,REMBOURSEMENT) values (5,2014,791592496,412034,944,174);
Insert into BANQUE.DEPENSE_REMBOURSEMENTCOMPTE (MOIS,ANNEE,NUMEROCOMPTE,IDBANQUE,DEPENSE,REMBOURSEMENT) values (5,2014,791592508,412034,116,58);
Insert into BANQUE.DEPENSE_REMBOURSEMENTCOMPTE (MOIS,ANNEE,NUMEROCOMPTE,IDBANQUE,DEPENSE,REMBOURSEMENT) values (5,2014,791592509,412034,102,51);
Insert into BANQUE.DEPENSE_REMBOURSEMENTCOMPTE (MOIS,ANNEE,NUMEROCOMPTE,IDBANQUE,DEPENSE,REMBOURSEMENT) values (5,2014,791592510,412034,680,330);
Insert into BANQUE.DEPENSE_REMBOURSEMENTCOMPTE (MOIS,ANNEE,NUMEROCOMPTE,IDBANQUE,DEPENSE,REMBOURSEMENT) values (5,2014,791592511,412034,1967,1153);
Insert into BANQUE.DEPENSE_REMBOURSEMENTCOMPTE (MOIS,ANNEE,NUMEROCOMPTE,IDBANQUE,DEPENSE,REMBOURSEMENT) values (5,2014,791592512,412034,301,6);
Insert into BANQUE.DEPENSE_REMBOURSEMENTCOMPTE (MOIS,ANNEE,NUMEROCOMPTE,IDBANQUE,DEPENSE,REMBOURSEMENT) values (5,2014,791592494,412034,1676,620);
Insert into BANQUE.DEPENSE_REMBOURSEMENTCOMPTE (MOIS,ANNEE,NUMEROCOMPTE,IDBANQUE,DEPENSE,REMBOURSEMENT) values (5,2014,791592495,412034,445,352);
Insert into BANQUE.DEPENSE_REMBOURSEMENTCOMPTE (MOIS,ANNEE,NUMEROCOMPTE,IDBANQUE,DEPENSE,REMBOURSEMENT) values (6,2014,791592469,412034,227,167);
Insert into BANQUE.DEPENSE_REMBOURSEMENTCOMPTE (MOIS,ANNEE,NUMEROCOMPTE,IDBANQUE,DEPENSE,REMBOURSEMENT) values (6,2014,791592478,412034,2929,2559);
Insert into BANQUE.DEPENSE_REMBOURSEMENTCOMPTE (MOIS,ANNEE,NUMEROCOMPTE,IDBANQUE,DEPENSE,REMBOURSEMENT) values (6,2014,791592475,412034,2811,501);
Insert into BANQUE.DEPENSE_REMBOURSEMENTCOMPTE (MOIS,ANNEE,NUMEROCOMPTE,IDBANQUE,DEPENSE,REMBOURSEMENT) values (6,2014,791592479,412034,1332,4);
Insert into BANQUE.DEPENSE_REMBOURSEMENTCOMPTE (MOIS,ANNEE,NUMEROCOMPTE,IDBANQUE,DEPENSE,REMBOURSEMENT) values (6,2014,791592481,412034,530,481);
Insert into BANQUE.DEPENSE_REMBOURSEMENTCOMPTE (MOIS,ANNEE,NUMEROCOMPTE,IDBANQUE,DEPENSE,REMBOURSEMENT) values (6,2014,791592482,412034,2815,1385);
Insert into BANQUE.DEPENSE_REMBOURSEMENTCOMPTE (MOIS,ANNEE,NUMEROCOMPTE,IDBANQUE,DEPENSE,REMBOURSEMENT) values (6,2014,791592483,412034,1324,897);
Insert into BANQUE.DEPENSE_REMBOURSEMENTCOMPTE (MOIS,ANNEE,NUMEROCOMPTE,IDBANQUE,DEPENSE,REMBOURSEMENT) values (6,2014,791592484,412034,1665,188);
Insert into BANQUE.DEPENSE_REMBOURSEMENTCOMPTE (MOIS,ANNEE,NUMEROCOMPTE,IDBANQUE,DEPENSE,REMBOURSEMENT) values (6,2014,791592485,412034,751,193);
Insert into BANQUE.DEPENSE_REMBOURSEMENTCOMPTE (MOIS,ANNEE,NUMEROCOMPTE,IDBANQUE,DEPENSE,REMBOURSEMENT) values (6,2014,791592486,412034,1262,1231);
Insert into BANQUE.DEPENSE_REMBOURSEMENTCOMPTE (MOIS,ANNEE,NUMEROCOMPTE,IDBANQUE,DEPENSE,REMBOURSEMENT) values (6,2014,791592496,412034,2967,56);
Insert into BANQUE.DEPENSE_REMBOURSEMENTCOMPTE (MOIS,ANNEE,NUMEROCOMPTE,IDBANQUE,DEPENSE,REMBOURSEMENT) values (6,2014,791592508,412034,1943,1489);
Insert into BANQUE.DEPENSE_REMBOURSEMENTCOMPTE (MOIS,ANNEE,NUMEROCOMPTE,IDBANQUE,DEPENSE,REMBOURSEMENT) values (6,2014,791592509,412034,311,88);
Insert into BANQUE.DEPENSE_REMBOURSEMENTCOMPTE (MOIS,ANNEE,NUMEROCOMPTE,IDBANQUE,DEPENSE,REMBOURSEMENT) values (6,2014,791592510,412034,707,582);
Insert into BANQUE.DEPENSE_REMBOURSEMENTCOMPTE (MOIS,ANNEE,NUMEROCOMPTE,IDBANQUE,DEPENSE,REMBOURSEMENT) values (6,2014,791592511,412034,301,3);
Insert into BANQUE.DEPENSE_REMBOURSEMENTCOMPTE (MOIS,ANNEE,NUMEROCOMPTE,IDBANQUE,DEPENSE,REMBOURSEMENT) values (6,2014,791592512,412034,367,294);
Insert into BANQUE.DEPENSE_REMBOURSEMENTCOMPTE (MOIS,ANNEE,NUMEROCOMPTE,IDBANQUE,DEPENSE,REMBOURSEMENT) values (6,2014,791592494,412034,3169,3080);
Insert into BANQUE.DEPENSE_REMBOURSEMENTCOMPTE (MOIS,ANNEE,NUMEROCOMPTE,IDBANQUE,DEPENSE,REMBOURSEMENT) values (6,2014,791592495,412034,858,267);
Insert into BANQUE.DEPENSE_REMBOURSEMENTCOMPTE (MOIS,ANNEE,NUMEROCOMPTE,IDBANQUE,DEPENSE,REMBOURSEMENT) values (7,2014,791592469,412034,284,252);
Insert into BANQUE.DEPENSE_REMBOURSEMENTCOMPTE (MOIS,ANNEE,NUMEROCOMPTE,IDBANQUE,DEPENSE,REMBOURSEMENT) values (7,2014,791592478,412034,1931,1827);
Insert into BANQUE.DEPENSE_REMBOURSEMENTCOMPTE (MOIS,ANNEE,NUMEROCOMPTE,IDBANQUE,DEPENSE,REMBOURSEMENT) values (7,2014,791592475,412034,2407,2086);
Insert into BANQUE.DEPENSE_REMBOURSEMENTCOMPTE (MOIS,ANNEE,NUMEROCOMPTE,IDBANQUE,DEPENSE,REMBOURSEMENT) values (7,2014,791592479,412034,2763,2536);
Insert into BANQUE.DEPENSE_REMBOURSEMENTCOMPTE (MOIS,ANNEE,NUMEROCOMPTE,IDBANQUE,DEPENSE,REMBOURSEMENT) values (7,2014,791592481,412034,2225,1816);
Insert into BANQUE.DEPENSE_REMBOURSEMENTCOMPTE (MOIS,ANNEE,NUMEROCOMPTE,IDBANQUE,DEPENSE,REMBOURSEMENT) values (7,2014,791592482,412034,1548,27);
Insert into BANQUE.DEPENSE_REMBOURSEMENTCOMPTE (MOIS,ANNEE,NUMEROCOMPTE,IDBANQUE,DEPENSE,REMBOURSEMENT) values (7,2014,791592483,412034,793,128);
Insert into BANQUE.DEPENSE_REMBOURSEMENTCOMPTE (MOIS,ANNEE,NUMEROCOMPTE,IDBANQUE,DEPENSE,REMBOURSEMENT) values (7,2014,791592484,412034,1749,1669);
Insert into BANQUE.DEPENSE_REMBOURSEMENTCOMPTE (MOIS,ANNEE,NUMEROCOMPTE,IDBANQUE,DEPENSE,REMBOURSEMENT) values (7,2014,791592485,412034,582,231);
Insert into BANQUE.DEPENSE_REMBOURSEMENTCOMPTE (MOIS,ANNEE,NUMEROCOMPTE,IDBANQUE,DEPENSE,REMBOURSEMENT) values (7,2014,791592486,412034,3472,1633);
Insert into BANQUE.DEPENSE_REMBOURSEMENTCOMPTE (MOIS,ANNEE,NUMEROCOMPTE,IDBANQUE,DEPENSE,REMBOURSEMENT) values (7,2014,791592496,412034,2479,2162);
Insert into BANQUE.DEPENSE_REMBOURSEMENTCOMPTE (MOIS,ANNEE,NUMEROCOMPTE,IDBANQUE,DEPENSE,REMBOURSEMENT) values (7,2014,791592508,412034,1017,119);
Insert into BANQUE.DEPENSE_REMBOURSEMENTCOMPTE (MOIS,ANNEE,NUMEROCOMPTE,IDBANQUE,DEPENSE,REMBOURSEMENT) values (7,2014,791592509,412034,1367,233);
Insert into BANQUE.DEPENSE_REMBOURSEMENTCOMPTE (MOIS,ANNEE,NUMEROCOMPTE,IDBANQUE,DEPENSE,REMBOURSEMENT) values (7,2014,791592510,412034,488,416);
Insert into BANQUE.DEPENSE_REMBOURSEMENTCOMPTE (MOIS,ANNEE,NUMEROCOMPTE,IDBANQUE,DEPENSE,REMBOURSEMENT) values (7,2014,791592511,412034,1415,74);
Insert into BANQUE.DEPENSE_REMBOURSEMENTCOMPTE (MOIS,ANNEE,NUMEROCOMPTE,IDBANQUE,DEPENSE,REMBOURSEMENT) values (7,2014,791592512,412034,128,117);
Insert into BANQUE.DEPENSE_REMBOURSEMENTCOMPTE (MOIS,ANNEE,NUMEROCOMPTE,IDBANQUE,DEPENSE,REMBOURSEMENT) values (7,2014,791592494,412034,2145,395);
Insert into BANQUE.DEPENSE_REMBOURSEMENTCOMPTE (MOIS,ANNEE,NUMEROCOMPTE,IDBANQUE,DEPENSE,REMBOURSEMENT) values (7,2014,791592495,412034,500,391);
Insert into BANQUE.DEPENSE_REMBOURSEMENTCOMPTE (MOIS,ANNEE,NUMEROCOMPTE,IDBANQUE,DEPENSE,REMBOURSEMENT) values (8,2014,791592469,412034,271,233);
Insert into BANQUE.DEPENSE_REMBOURSEMENTCOMPTE (MOIS,ANNEE,NUMEROCOMPTE,IDBANQUE,DEPENSE,REMBOURSEMENT) values (8,2014,791592478,412034,1907,302);
Insert into BANQUE.DEPENSE_REMBOURSEMENTCOMPTE (MOIS,ANNEE,NUMEROCOMPTE,IDBANQUE,DEPENSE,REMBOURSEMENT) values (8,2014,791592475,412034,4663,447);
Insert into BANQUE.DEPENSE_REMBOURSEMENTCOMPTE (MOIS,ANNEE,NUMEROCOMPTE,IDBANQUE,DEPENSE,REMBOURSEMENT) values (8,2014,791592479,412034,2391,403);
Insert into BANQUE.DEPENSE_REMBOURSEMENTCOMPTE (MOIS,ANNEE,NUMEROCOMPTE,IDBANQUE,DEPENSE,REMBOURSEMENT) values (8,2014,791592481,412034,313,9);
Insert into BANQUE.DEPENSE_REMBOURSEMENTCOMPTE (MOIS,ANNEE,NUMEROCOMPTE,IDBANQUE,DEPENSE,REMBOURSEMENT) values (8,2014,791592482,412034,415,246);
Insert into BANQUE.DEPENSE_REMBOURSEMENTCOMPTE (MOIS,ANNEE,NUMEROCOMPTE,IDBANQUE,DEPENSE,REMBOURSEMENT) values (8,2014,791592483,412034,2109,483);
Insert into BANQUE.DEPENSE_REMBOURSEMENTCOMPTE (MOIS,ANNEE,NUMEROCOMPTE,IDBANQUE,DEPENSE,REMBOURSEMENT) values (8,2014,791592484,412034,213,45);
Insert into BANQUE.DEPENSE_REMBOURSEMENTCOMPTE (MOIS,ANNEE,NUMEROCOMPTE,IDBANQUE,DEPENSE,REMBOURSEMENT) values (8,2014,791592485,412034,2614,354);
Insert into BANQUE.DEPENSE_REMBOURSEMENTCOMPTE (MOIS,ANNEE,NUMEROCOMPTE,IDBANQUE,DEPENSE,REMBOURSEMENT) values (8,2014,791592486,412034,2626,2607);
Insert into BANQUE.DEPENSE_REMBOURSEMENTCOMPTE (MOIS,ANNEE,NUMEROCOMPTE,IDBANQUE,DEPENSE,REMBOURSEMENT) values (8,2014,791592496,412034,3252,2888);
Insert into BANQUE.DEPENSE_REMBOURSEMENTCOMPTE (MOIS,ANNEE,NUMEROCOMPTE,IDBANQUE,DEPENSE,REMBOURSEMENT) values (8,2014,791592508,412034,3419,306);
Insert into BANQUE.DEPENSE_REMBOURSEMENTCOMPTE (MOIS,ANNEE,NUMEROCOMPTE,IDBANQUE,DEPENSE,REMBOURSEMENT) values (8,2014,791592509,412034,1416,1158);
Insert into BANQUE.DEPENSE_REMBOURSEMENTCOMPTE (MOIS,ANNEE,NUMEROCOMPTE,IDBANQUE,DEPENSE,REMBOURSEMENT) values (8,2014,791592510,412034,471,464);
Insert into BANQUE.DEPENSE_REMBOURSEMENTCOMPTE (MOIS,ANNEE,NUMEROCOMPTE,IDBANQUE,DEPENSE,REMBOURSEMENT) values (8,2014,791592511,412034,1534,1302);
Insert into BANQUE.DEPENSE_REMBOURSEMENTCOMPTE (MOIS,ANNEE,NUMEROCOMPTE,IDBANQUE,DEPENSE,REMBOURSEMENT) values (8,2014,791592512,412034,710,422);
Insert into BANQUE.DEPENSE_REMBOURSEMENTCOMPTE (MOIS,ANNEE,NUMEROCOMPTE,IDBANQUE,DEPENSE,REMBOURSEMENT) values (8,2014,791592494,412034,3113,2538);
Insert into BANQUE.DEPENSE_REMBOURSEMENTCOMPTE (MOIS,ANNEE,NUMEROCOMPTE,IDBANQUE,DEPENSE,REMBOURSEMENT) values (8,2014,791592495,412034,141,7);
Insert into BANQUE.DEPENSE_REMBOURSEMENTCOMPTE (MOIS,ANNEE,NUMEROCOMPTE,IDBANQUE,DEPENSE,REMBOURSEMENT) values (9,2014,791592469,412034,482,114);
Insert into BANQUE.DEPENSE_REMBOURSEMENTCOMPTE (MOIS,ANNEE,NUMEROCOMPTE,IDBANQUE,DEPENSE,REMBOURSEMENT) values (9,2014,791592478,412034,2783,741);
Insert into BANQUE.DEPENSE_REMBOURSEMENTCOMPTE (MOIS,ANNEE,NUMEROCOMPTE,IDBANQUE,DEPENSE,REMBOURSEMENT) values (9,2014,791592475,412034,4676,4021);
Insert into BANQUE.DEPENSE_REMBOURSEMENTCOMPTE (MOIS,ANNEE,NUMEROCOMPTE,IDBANQUE,DEPENSE,REMBOURSEMENT) values (9,2014,791592479,412034,1719,883);
Insert into BANQUE.DEPENSE_REMBOURSEMENTCOMPTE (MOIS,ANNEE,NUMEROCOMPTE,IDBANQUE,DEPENSE,REMBOURSEMENT) values (9,2014,791592481,412034,3309,132);
Insert into BANQUE.DEPENSE_REMBOURSEMENTCOMPTE (MOIS,ANNEE,NUMEROCOMPTE,IDBANQUE,DEPENSE,REMBOURSEMENT) values (9,2014,791592482,412034,969,839);
Insert into BANQUE.DEPENSE_REMBOURSEMENTCOMPTE (MOIS,ANNEE,NUMEROCOMPTE,IDBANQUE,DEPENSE,REMBOURSEMENT) values (9,2014,791592483,412034,240,142);
Insert into BANQUE.DEPENSE_REMBOURSEMENTCOMPTE (MOIS,ANNEE,NUMEROCOMPTE,IDBANQUE,DEPENSE,REMBOURSEMENT) values (9,2014,791592484,412034,1219,932);
Insert into BANQUE.DEPENSE_REMBOURSEMENTCOMPTE (MOIS,ANNEE,NUMEROCOMPTE,IDBANQUE,DEPENSE,REMBOURSEMENT) values (9,2014,791592485,412034,1937,1695);
Insert into BANQUE.DEPENSE_REMBOURSEMENTCOMPTE (MOIS,ANNEE,NUMEROCOMPTE,IDBANQUE,DEPENSE,REMBOURSEMENT) values (9,2014,791592486,412034,2759,979);
Insert into BANQUE.DEPENSE_REMBOURSEMENTCOMPTE (MOIS,ANNEE,NUMEROCOMPTE,IDBANQUE,DEPENSE,REMBOURSEMENT) values (9,2014,791592496,412034,526,43);
Insert into BANQUE.DEPENSE_REMBOURSEMENTCOMPTE (MOIS,ANNEE,NUMEROCOMPTE,IDBANQUE,DEPENSE,REMBOURSEMENT) values (9,2014,791592508,412034,1722,1338);
Insert into BANQUE.DEPENSE_REMBOURSEMENTCOMPTE (MOIS,ANNEE,NUMEROCOMPTE,IDBANQUE,DEPENSE,REMBOURSEMENT) values (9,2014,791592509,412034,45,4);
Insert into BANQUE.DEPENSE_REMBOURSEMENTCOMPTE (MOIS,ANNEE,NUMEROCOMPTE,IDBANQUE,DEPENSE,REMBOURSEMENT) values (9,2014,791592510,412034,172,114);
Insert into BANQUE.DEPENSE_REMBOURSEMENTCOMPTE (MOIS,ANNEE,NUMEROCOMPTE,IDBANQUE,DEPENSE,REMBOURSEMENT) values (9,2014,791592511,412034,951,464);
Insert into BANQUE.DEPENSE_REMBOURSEMENTCOMPTE (MOIS,ANNEE,NUMEROCOMPTE,IDBANQUE,DEPENSE,REMBOURSEMENT) values (9,2014,791592512,412034,121,105);
Insert into BANQUE.DEPENSE_REMBOURSEMENTCOMPTE (MOIS,ANNEE,NUMEROCOMPTE,IDBANQUE,DEPENSE,REMBOURSEMENT) values (9,2014,791592494,412034,1089,236);
Insert into BANQUE.DEPENSE_REMBOURSEMENTCOMPTE (MOIS,ANNEE,NUMEROCOMPTE,IDBANQUE,DEPENSE,REMBOURSEMENT) values (9,2014,791592495,412034,825,602);
Insert into BANQUE.DEPENSE_REMBOURSEMENTCOMPTE (MOIS,ANNEE,NUMEROCOMPTE,IDBANQUE,DEPENSE,REMBOURSEMENT) values (10,2014,791592469,412034,175,34);
Insert into BANQUE.DEPENSE_REMBOURSEMENTCOMPTE (MOIS,ANNEE,NUMEROCOMPTE,IDBANQUE,DEPENSE,REMBOURSEMENT) values (10,2014,791592478,412034,912,485);
Insert into BANQUE.DEPENSE_REMBOURSEMENTCOMPTE (MOIS,ANNEE,NUMEROCOMPTE,IDBANQUE,DEPENSE,REMBOURSEMENT) values (10,2014,791592475,412034,3235,1005);
Insert into BANQUE.DEPENSE_REMBOURSEMENTCOMPTE (MOIS,ANNEE,NUMEROCOMPTE,IDBANQUE,DEPENSE,REMBOURSEMENT) values (10,2014,791592479,412034,3156,1178);
Insert into BANQUE.DEPENSE_REMBOURSEMENTCOMPTE (MOIS,ANNEE,NUMEROCOMPTE,IDBANQUE,DEPENSE,REMBOURSEMENT) values (10,2014,791592481,412034,2288,529);
Insert into BANQUE.DEPENSE_REMBOURSEMENTCOMPTE (MOIS,ANNEE,NUMEROCOMPTE,IDBANQUE,DEPENSE,REMBOURSEMENT) values (10,2014,791592482,412034,1821,1434);
Insert into BANQUE.DEPENSE_REMBOURSEMENTCOMPTE (MOIS,ANNEE,NUMEROCOMPTE,IDBANQUE,DEPENSE,REMBOURSEMENT) values (10,2014,791592483,412034,1905,292);
Insert into BANQUE.DEPENSE_REMBOURSEMENTCOMPTE (MOIS,ANNEE,NUMEROCOMPTE,IDBANQUE,DEPENSE,REMBOURSEMENT) values (10,2014,791592484,412034,1084,1028);
Insert into BANQUE.DEPENSE_REMBOURSEMENTCOMPTE (MOIS,ANNEE,NUMEROCOMPTE,IDBANQUE,DEPENSE,REMBOURSEMENT) values (10,2014,791592485,412034,368,126);
Insert into BANQUE.DEPENSE_REMBOURSEMENTCOMPTE (MOIS,ANNEE,NUMEROCOMPTE,IDBANQUE,DEPENSE,REMBOURSEMENT) values (10,2014,791592486,412034,290,214);
Insert into BANQUE.DEPENSE_REMBOURSEMENTCOMPTE (MOIS,ANNEE,NUMEROCOMPTE,IDBANQUE,DEPENSE,REMBOURSEMENT) values (10,2014,791592496,412034,154,31);
Insert into BANQUE.DEPENSE_REMBOURSEMENTCOMPTE (MOIS,ANNEE,NUMEROCOMPTE,IDBANQUE,DEPENSE,REMBOURSEMENT) values (10,2014,791592508,412034,802,205);
Insert into BANQUE.DEPENSE_REMBOURSEMENTCOMPTE (MOIS,ANNEE,NUMEROCOMPTE,IDBANQUE,DEPENSE,REMBOURSEMENT) values (10,2014,791592509,412034,1621,137);
Insert into BANQUE.DEPENSE_REMBOURSEMENTCOMPTE (MOIS,ANNEE,NUMEROCOMPTE,IDBANQUE,DEPENSE,REMBOURSEMENT) values (10,2014,791592510,412034,42,31);
Insert into BANQUE.DEPENSE_REMBOURSEMENTCOMPTE (MOIS,ANNEE,NUMEROCOMPTE,IDBANQUE,DEPENSE,REMBOURSEMENT) values (10,2014,791592511,412034,1863,831);
Insert into BANQUE.DEPENSE_REMBOURSEMENTCOMPTE (MOIS,ANNEE,NUMEROCOMPTE,IDBANQUE,DEPENSE,REMBOURSEMENT) values (10,2014,791592512,412034,11,10);
Insert into BANQUE.DEPENSE_REMBOURSEMENTCOMPTE (MOIS,ANNEE,NUMEROCOMPTE,IDBANQUE,DEPENSE,REMBOURSEMENT) values (10,2014,791592494,412034,1579,545);
Insert into BANQUE.DEPENSE_REMBOURSEMENTCOMPTE (MOIS,ANNEE,NUMEROCOMPTE,IDBANQUE,DEPENSE,REMBOURSEMENT) values (10,2014,791592495,412034,811,55);
Insert into BANQUE.DEPENSE_REMBOURSEMENTCOMPTE (MOIS,ANNEE,NUMEROCOMPTE,IDBANQUE,DEPENSE,REMBOURSEMENT) values (11,2014,791592469,412034,459,106);
Insert into BANQUE.DEPENSE_REMBOURSEMENTCOMPTE (MOIS,ANNEE,NUMEROCOMPTE,IDBANQUE,DEPENSE,REMBOURSEMENT) values (11,2014,791592478,412034,757,43);
Insert into BANQUE.DEPENSE_REMBOURSEMENTCOMPTE (MOIS,ANNEE,NUMEROCOMPTE,IDBANQUE,DEPENSE,REMBOURSEMENT) values (11,2014,791592475,412034,227,223);
Insert into BANQUE.DEPENSE_REMBOURSEMENTCOMPTE (MOIS,ANNEE,NUMEROCOMPTE,IDBANQUE,DEPENSE,REMBOURSEMENT) values (11,2014,791592479,412034,783,451);
Insert into BANQUE.DEPENSE_REMBOURSEMENTCOMPTE (MOIS,ANNEE,NUMEROCOMPTE,IDBANQUE,DEPENSE,REMBOURSEMENT) values (11,2014,791592481,412034,1734,1428);
Insert into BANQUE.DEPENSE_REMBOURSEMENTCOMPTE (MOIS,ANNEE,NUMEROCOMPTE,IDBANQUE,DEPENSE,REMBOURSEMENT) values (11,2014,791592482,412034,2268,2128);
Insert into BANQUE.DEPENSE_REMBOURSEMENTCOMPTE (MOIS,ANNEE,NUMEROCOMPTE,IDBANQUE,DEPENSE,REMBOURSEMENT) values (11,2014,791592483,412034,1528,297);
Insert into BANQUE.DEPENSE_REMBOURSEMENTCOMPTE (MOIS,ANNEE,NUMEROCOMPTE,IDBANQUE,DEPENSE,REMBOURSEMENT) values (11,2014,791592484,412034,259,86);
Insert into BANQUE.DEPENSE_REMBOURSEMENTCOMPTE (MOIS,ANNEE,NUMEROCOMPTE,IDBANQUE,DEPENSE,REMBOURSEMENT) values (11,2014,791592485,412034,684,646);
Insert into BANQUE.DEPENSE_REMBOURSEMENTCOMPTE (MOIS,ANNEE,NUMEROCOMPTE,IDBANQUE,DEPENSE,REMBOURSEMENT) values (11,2014,791592486,412034,460,157);
Insert into BANQUE.DEPENSE_REMBOURSEMENTCOMPTE (MOIS,ANNEE,NUMEROCOMPTE,IDBANQUE,DEPENSE,REMBOURSEMENT) values (11,2014,791592496,412034,2231,311);
Insert into BANQUE.DEPENSE_REMBOURSEMENTCOMPTE (MOIS,ANNEE,NUMEROCOMPTE,IDBANQUE,DEPENSE,REMBOURSEMENT) values (11,2014,791592508,412034,2727,1605);
Insert into BANQUE.DEPENSE_REMBOURSEMENTCOMPTE (MOIS,ANNEE,NUMEROCOMPTE,IDBANQUE,DEPENSE,REMBOURSEMENT) values (11,2014,791592509,412034,1280,1265);
Insert into BANQUE.DEPENSE_REMBOURSEMENTCOMPTE (MOIS,ANNEE,NUMEROCOMPTE,IDBANQUE,DEPENSE,REMBOURSEMENT) values (11,2014,791592510,412034,556,161);
Insert into BANQUE.DEPENSE_REMBOURSEMENTCOMPTE (MOIS,ANNEE,NUMEROCOMPTE,IDBANQUE,DEPENSE,REMBOURSEMENT) values (11,2014,791592511,412034,1527,1120);
Insert into BANQUE.DEPENSE_REMBOURSEMENTCOMPTE (MOIS,ANNEE,NUMEROCOMPTE,IDBANQUE,DEPENSE,REMBOURSEMENT) values (11,2014,791592512,412034,898,431);
Insert into BANQUE.DEPENSE_REMBOURSEMENTCOMPTE (MOIS,ANNEE,NUMEROCOMPTE,IDBANQUE,DEPENSE,REMBOURSEMENT) values (11,2014,791592494,412034,3194,1543);
Insert into BANQUE.DEPENSE_REMBOURSEMENTCOMPTE (MOIS,ANNEE,NUMEROCOMPTE,IDBANQUE,DEPENSE,REMBOURSEMENT) values (11,2014,791592495,412034,293,209);
Insert into BANQUE.DEPENSE_REMBOURSEMENTCOMPTE (MOIS,ANNEE,NUMEROCOMPTE,IDBANQUE,DEPENSE,REMBOURSEMENT) values (12,2014,791592469,412034,12,7);
Insert into BANQUE.DEPENSE_REMBOURSEMENTCOMPTE (MOIS,ANNEE,NUMEROCOMPTE,IDBANQUE,DEPENSE,REMBOURSEMENT) values (12,2014,791592478,412034,2660,1934);
Insert into BANQUE.DEPENSE_REMBOURSEMENTCOMPTE (MOIS,ANNEE,NUMEROCOMPTE,IDBANQUE,DEPENSE,REMBOURSEMENT) values (12,2014,791592475,412034,2827,2766);
Insert into BANQUE.DEPENSE_REMBOURSEMENTCOMPTE (MOIS,ANNEE,NUMEROCOMPTE,IDBANQUE,DEPENSE,REMBOURSEMENT) values (12,2014,791592479,412034,2440,1609);
Insert into BANQUE.DEPENSE_REMBOURSEMENTCOMPTE (MOIS,ANNEE,NUMEROCOMPTE,IDBANQUE,DEPENSE,REMBOURSEMENT) values (12,2014,791592481,412034,1054,351);
Insert into BANQUE.DEPENSE_REMBOURSEMENTCOMPTE (MOIS,ANNEE,NUMEROCOMPTE,IDBANQUE,DEPENSE,REMBOURSEMENT) values (12,2014,791592482,412034,1136,43);
Insert into BANQUE.DEPENSE_REMBOURSEMENTCOMPTE (MOIS,ANNEE,NUMEROCOMPTE,IDBANQUE,DEPENSE,REMBOURSEMENT) values (12,2014,791592483,412034,1330,1080);
Insert into BANQUE.DEPENSE_REMBOURSEMENTCOMPTE (MOIS,ANNEE,NUMEROCOMPTE,IDBANQUE,DEPENSE,REMBOURSEMENT) values (12,2014,791592484,412034,980,908);
Insert into BANQUE.DEPENSE_REMBOURSEMENTCOMPTE (MOIS,ANNEE,NUMEROCOMPTE,IDBANQUE,DEPENSE,REMBOURSEMENT) values (12,2014,791592485,412034,2161,244);
Insert into BANQUE.DEPENSE_REMBOURSEMENTCOMPTE (MOIS,ANNEE,NUMEROCOMPTE,IDBANQUE,DEPENSE,REMBOURSEMENT) values (12,2014,791592486,412034,30,22);
Insert into BANQUE.DEPENSE_REMBOURSEMENTCOMPTE (MOIS,ANNEE,NUMEROCOMPTE,IDBANQUE,DEPENSE,REMBOURSEMENT) values (12,2014,791592496,412034,99,62);
Insert into BANQUE.DEPENSE_REMBOURSEMENTCOMPTE (MOIS,ANNEE,NUMEROCOMPTE,IDBANQUE,DEPENSE,REMBOURSEMENT) values (12,2014,791592508,412034,4027,166);
Insert into BANQUE.DEPENSE_REMBOURSEMENTCOMPTE (MOIS,ANNEE,NUMEROCOMPTE,IDBANQUE,DEPENSE,REMBOURSEMENT) values (12,2014,791592509,412034,535,225);
Insert into BANQUE.DEPENSE_REMBOURSEMENTCOMPTE (MOIS,ANNEE,NUMEROCOMPTE,IDBANQUE,DEPENSE,REMBOURSEMENT) values (12,2014,791592510,412034,549,173);
Insert into BANQUE.DEPENSE_REMBOURSEMENTCOMPTE (MOIS,ANNEE,NUMEROCOMPTE,IDBANQUE,DEPENSE,REMBOURSEMENT) values (12,2014,791592511,412034,1911,261);
Insert into BANQUE.DEPENSE_REMBOURSEMENTCOMPTE (MOIS,ANNEE,NUMEROCOMPTE,IDBANQUE,DEPENSE,REMBOURSEMENT) values (12,2014,791592512,412034,873,51);
Insert into BANQUE.DEPENSE_REMBOURSEMENTCOMPTE (MOIS,ANNEE,NUMEROCOMPTE,IDBANQUE,DEPENSE,REMBOURSEMENT) values (12,2014,791592494,412034,2457,1364);
Insert into BANQUE.DEPENSE_REMBOURSEMENTCOMPTE (MOIS,ANNEE,NUMEROCOMPTE,IDBANQUE,DEPENSE,REMBOURSEMENT) values (12,2014,791592495,412034,861,313);
--------------------------------------------------------
--  DDL for Index PK_PARAMETRES
--------------------------------------------------------

  CREATE UNIQUE INDEX "BANQUE"."PK_PARAMETRES" ON "BANQUE"."PARAMETRES" ("IDPARAMETRE") 
  PCTFREE 10 INITRANS 2 MAXTRANS 255 COMPUTE STATISTICS 
  STORAGE(INITIAL 65536 NEXT 1048576 MINEXTENTS 1 MAXEXTENTS 2147483645
  PCTINCREASE 0 FREELISTS 1 FREELIST GROUPS 1
  BUFFER_POOL DEFAULT FLASH_CACHE DEFAULT CELL_FLASH_CACHE DEFAULT)
  TABLESPACE "USERS" ;
--------------------------------------------------------
--  DDL for Index PK_PRIVILEGE
--------------------------------------------------------

  CREATE UNIQUE INDEX "BANQUE"."PK_PRIVILEGE" ON "BANQUE"."PRIVILEGE" ("IDPRIVILEGE") 
  PCTFREE 10 INITRANS 2 MAXTRANS 255 COMPUTE STATISTICS 
  STORAGE(INITIAL 65536 NEXT 1048576 MINEXTENTS 1 MAXEXTENTS 2147483645
  PCTINCREASE 0 FREELISTS 1 FREELIST GROUPS 1
  BUFFER_POOL DEFAULT FLASH_CACHE DEFAULT CELL_FLASH_CACHE DEFAULT)
  TABLESPACE "USERS" ;
--------------------------------------------------------
--  DDL for Index PK_BANQUE
--------------------------------------------------------

  CREATE UNIQUE INDEX "BANQUE"."PK_BANQUE" ON "BANQUE"."BANQUE" ("IDBANQUE") 
  PCTFREE 10 INITRANS 2 MAXTRANS 255 COMPUTE STATISTICS 
  STORAGE(INITIAL 65536 NEXT 1048576 MINEXTENTS 1 MAXEXTENTS 2147483645
  PCTINCREASE 0 FREELISTS 1 FREELIST GROUPS 1
  BUFFER_POOL DEFAULT FLASH_CACHE DEFAULT CELL_FLASH_CACHE DEFAULT)
  TABLESPACE "USERS" ;
--------------------------------------------------------
--  DDL for Index PK_PRODUIT
--------------------------------------------------------

  CREATE UNIQUE INDEX "BANQUE"."PK_PRODUIT" ON "BANQUE"."PRODUIT" ("IDPRODUIT") 
  PCTFREE 10 INITRANS 2 MAXTRANS 255 COMPUTE STATISTICS 
  STORAGE(INITIAL 65536 NEXT 1048576 MINEXTENTS 1 MAXEXTENTS 2147483645
  PCTINCREASE 0 FREELISTS 1 FREELIST GROUPS 1
  BUFFER_POOL DEFAULT FLASH_CACHE DEFAULT CELL_FLASH_CACHE DEFAULT)
  TABLESPACE "USERS" ;
--------------------------------------------------------
--  DDL for Index PK_POSSEDE
--------------------------------------------------------

  CREATE UNIQUE INDEX "BANQUE"."PK_POSSEDE" ON "BANQUE"."POSSEDE" ("IDPRIVILEGE", "USERNAME") 
  PCTFREE 10 INITRANS 2 MAXTRANS 255 COMPUTE STATISTICS 
  STORAGE(INITIAL 65536 NEXT 1048576 MINEXTENTS 1 MAXEXTENTS 2147483645
  PCTINCREASE 0 FREELISTS 1 FREELIST GROUPS 1
  BUFFER_POOL DEFAULT FLASH_CACHE DEFAULT CELL_FLASH_CACHE DEFAULT)
  TABLESPACE "USERS" ;
--------------------------------------------------------
--  DDL for Index PK_INFORMATIONSPERSONELLES
--------------------------------------------------------

  CREATE UNIQUE INDEX "BANQUE"."PK_INFORMATIONSPERSONELLES" ON "BANQUE"."INFORMATIONSPERSONELLES" ("IDIP") 
  PCTFREE 10 INITRANS 2 MAXTRANS 255 COMPUTE STATISTICS 
  STORAGE(INITIAL 65536 NEXT 1048576 MINEXTENTS 1 MAXEXTENTS 2147483645
  PCTINCREASE 0 FREELISTS 1 FREELIST GROUPS 1
  BUFFER_POOL DEFAULT FLASH_CACHE DEFAULT CELL_FLASH_CACHE DEFAULT)
  TABLESPACE "USERS" ;
--------------------------------------------------------
--  DDL for Index PK_EMPLOYE
--------------------------------------------------------

  CREATE UNIQUE INDEX "BANQUE"."PK_EMPLOYE" ON "BANQUE"."EMPLOYE" ("USERNAME") 
  PCTFREE 10 INITRANS 2 MAXTRANS 255 COMPUTE STATISTICS 
  STORAGE(INITIAL 65536 NEXT 1048576 MINEXTENTS 1 MAXEXTENTS 2147483645
  PCTINCREASE 0 FREELISTS 1 FREELIST GROUPS 1
  BUFFER_POOL DEFAULT FLASH_CACHE DEFAULT CELL_FLASH_CACHE DEFAULT)
  TABLESPACE "USERS" ;
--------------------------------------------------------
--  DDL for Index PK_TABLEDESCORING
--------------------------------------------------------

  CREATE UNIQUE INDEX "BANQUE"."PK_TABLEDESCORING" ON "BANQUE"."TABLEDESCORING" ("IDTABLE") 
  PCTFREE 10 INITRANS 2 MAXTRANS 255 COMPUTE STATISTICS 
  STORAGE(INITIAL 65536 NEXT 1048576 MINEXTENTS 1 MAXEXTENTS 2147483645
  PCTINCREASE 0 FREELISTS 1 FREELIST GROUPS 1
  BUFFER_POOL DEFAULT FLASH_CACHE DEFAULT CELL_FLASH_CACHE DEFAULT)
  TABLESPACE "USERS" ;
--------------------------------------------------------
--  DDL for Index PK_ADDRESSE
--------------------------------------------------------

  CREATE UNIQUE INDEX "BANQUE"."PK_ADDRESSE" ON "BANQUE"."ADDRESSE" ("IDADRESSE") 
  PCTFREE 10 INITRANS 2 MAXTRANS 255 COMPUTE STATISTICS 
  STORAGE(INITIAL 65536 NEXT 1048576 MINEXTENTS 1 MAXEXTENTS 2147483645
  PCTINCREASE 0 FREELISTS 1 FREELIST GROUPS 1
  BUFFER_POOL DEFAULT FLASH_CACHE DEFAULT CELL_FLASH_CACHE DEFAULT)
  TABLESPACE "USERS" ;
--------------------------------------------------------
--  DDL for Index PK_INFORMATIONSFINANCIERES
--------------------------------------------------------

  CREATE UNIQUE INDEX "BANQUE"."PK_INFORMATIONSFINANCIERES" ON "BANQUE"."INFORMATIONSFINANCIERES" ("IDREVENU") 
  PCTFREE 10 INITRANS 2 MAXTRANS 255 COMPUTE STATISTICS 
  STORAGE(INITIAL 65536 NEXT 1048576 MINEXTENTS 1 MAXEXTENTS 2147483645
  PCTINCREASE 0 FREELISTS 1 FREELIST GROUPS 1
  BUFFER_POOL DEFAULT FLASH_CACHE DEFAULT CELL_FLASH_CACHE DEFAULT)
  TABLESPACE "USERS" ;
--------------------------------------------------------
--  DDL for Index PK_INFORMATIONSEMPLOI
--------------------------------------------------------

  CREATE UNIQUE INDEX "BANQUE"."PK_INFORMATIONSEMPLOI" ON "BANQUE"."INFORMATIONSEMPLOI" ("IDEMPLOI") 
  PCTFREE 10 INITRANS 2 MAXTRANS 255 COMPUTE STATISTICS 
  STORAGE(INITIAL 65536 NEXT 1048576 MINEXTENTS 1 MAXEXTENTS 2147483645
  PCTINCREASE 0 FREELISTS 1 FREELIST GROUPS 1
  BUFFER_POOL DEFAULT FLASH_CACHE DEFAULT CELL_FLASH_CACHE DEFAULT)
  TABLESPACE "USERS" ;
--------------------------------------------------------
--  DDL for Index PK_APPLICATION
--------------------------------------------------------

  CREATE UNIQUE INDEX "BANQUE"."PK_APPLICATION" ON "BANQUE"."APPLICATION" ("IDAPPLICATION") 
  PCTFREE 10 INITRANS 2 MAXTRANS 255 COMPUTE STATISTICS 
  STORAGE(INITIAL 65536 NEXT 1048576 MINEXTENTS 1 MAXEXTENTS 2147483645
  PCTINCREASE 0 FREELISTS 1 FREELIST GROUPS 1
  BUFFER_POOL DEFAULT FLASH_CACHE DEFAULT CELL_FLASH_CACHE DEFAULT)
  TABLESPACE "USERS" ;
--------------------------------------------------------
--  DDL for Index PK_ENGAGEMENTMENSUEL
--------------------------------------------------------

  CREATE UNIQUE INDEX "BANQUE"."PK_ENGAGEMENTMENSUEL" ON "BANQUE"."ENGAGEMENTMENSUEL" ("IDENGAGEMENT") 
  PCTFREE 10 INITRANS 2 MAXTRANS 255 COMPUTE STATISTICS 
  STORAGE(INITIAL 65536 NEXT 1048576 MINEXTENTS 1 MAXEXTENTS 2147483645
  PCTINCREASE 0 FREELISTS 1 FREELIST GROUPS 1
  BUFFER_POOL DEFAULT FLASH_CACHE DEFAULT CELL_FLASH_CACHE DEFAULT)
  TABLESPACE "USERS" ;
--------------------------------------------------------
--  DDL for Index PK_INFOCARTE
--------------------------------------------------------

  CREATE UNIQUE INDEX "BANQUE"."PK_INFOCARTE" ON "BANQUE"."INFOCARTE" ("IDC") 
  PCTFREE 10 INITRANS 2 MAXTRANS 255 COMPUTE STATISTICS 
  STORAGE(INITIAL 65536 NEXT 1048576 MINEXTENTS 1 MAXEXTENTS 2147483645
  PCTINCREASE 0 FREELISTS 1 FREELIST GROUPS 1
  BUFFER_POOL DEFAULT FLASH_CACHE DEFAULT CELL_FLASH_CACHE DEFAULT)
  TABLESPACE "USERS" ;
--------------------------------------------------------
--  DDL for Index PK_INFOCARTESUP
--------------------------------------------------------

  CREATE UNIQUE INDEX "BANQUE"."PK_INFOCARTESUP" ON "BANQUE"."INFOCARTESUP" ("IDC") 
  PCTFREE 10 INITRANS 2 MAXTRANS 255 COMPUTE STATISTICS 
  STORAGE(INITIAL 65536 NEXT 1048576 MINEXTENTS 1 MAXEXTENTS 2147483645
  PCTINCREASE 0 FREELISTS 1 FREELIST GROUPS 1
  BUFFER_POOL DEFAULT FLASH_CACHE DEFAULT CELL_FLASH_CACHE DEFAULT)
  TABLESPACE "USERS" ;
--------------------------------------------------------
--  DDL for Index PK_CLIENT
--------------------------------------------------------

  CREATE UNIQUE INDEX "BANQUE"."PK_CLIENT" ON "BANQUE"."CLIENT" ("IDCLIENT", "IDBANQUE") 
  PCTFREE 10 INITRANS 2 MAXTRANS 255 COMPUTE STATISTICS 
  STORAGE(INITIAL 65536 NEXT 1048576 MINEXTENTS 1 MAXEXTENTS 2147483645
  PCTINCREASE 0 FREELISTS 1 FREELIST GROUPS 1
  BUFFER_POOL DEFAULT FLASH_CACHE DEFAULT CELL_FLASH_CACHE DEFAULT)
  TABLESPACE "USERS" ;
--------------------------------------------------------
--  DDL for Index PK_COMPTE
--------------------------------------------------------

  CREATE UNIQUE INDEX "BANQUE"."PK_COMPTE" ON "BANQUE"."COMPTE" ("NUMEROCOMPTE") 
  PCTFREE 10 INITRANS 2 MAXTRANS 255 COMPUTE STATISTICS 
  STORAGE(INITIAL 65536 NEXT 1048576 MINEXTENTS 1 MAXEXTENTS 2147483645
  PCTINCREASE 0 FREELISTS 1 FREELIST GROUPS 1
  BUFFER_POOL DEFAULT FLASH_CACHE DEFAULT CELL_FLASH_CACHE DEFAULT)
  TABLESPACE "USERS" ;
--------------------------------------------------------
--  DDL for Index PK_CARTE
--------------------------------------------------------

  CREATE UNIQUE INDEX "BANQUE"."PK_CARTE" ON "BANQUE"."CARTE" ("IDCARTE") 
  PCTFREE 10 INITRANS 2 MAXTRANS 255 COMPUTE STATISTICS 
  STORAGE(INITIAL 65536 NEXT 1048576 MINEXTENTS 1 MAXEXTENTS 2147483645
  PCTINCREASE 0 FREELISTS 1 FREELIST GROUPS 1
  BUFFER_POOL DEFAULT FLASH_CACHE DEFAULT CELL_FLASH_CACHE DEFAULT)
  TABLESPACE "USERS" ;
--------------------------------------------------------
--  DDL for Index PK_CARTESUPLEMENTAIRE
--------------------------------------------------------

  CREATE UNIQUE INDEX "BANQUE"."PK_CARTESUPLEMENTAIRE" ON "BANQUE"."CARTESUPLEMENTAIRE" ("IDCARTE") 
  PCTFREE 10 INITRANS 2 MAXTRANS 255 COMPUTE STATISTICS 
  STORAGE(INITIAL 65536 NEXT 1048576 MINEXTENTS 1 MAXEXTENTS 2147483645
  PCTINCREASE 0 FREELISTS 1 FREELIST GROUPS 1
  BUFFER_POOL DEFAULT FLASH_CACHE DEFAULT CELL_FLASH_CACHE DEFAULT)
  TABLESPACE "USERS" ;
--------------------------------------------------------
--  DDL for Index PK_DEPENSE_REMBOURSEMENTCOMPTE
--------------------------------------------------------

  CREATE UNIQUE INDEX "BANQUE"."PK_DEPENSE_REMBOURSEMENTCOMPTE" ON "BANQUE"."DEPENSE_REMBOURSEMENTCOMPTE" ("MOIS", "ANNEE", "NUMEROCOMPTE") 
  PCTFREE 10 INITRANS 2 MAXTRANS 255 COMPUTE STATISTICS 
  STORAGE(INITIAL 65536 NEXT 1048576 MINEXTENTS 1 MAXEXTENTS 2147483645
  PCTINCREASE 0 FREELISTS 1 FREELIST GROUPS 1
  BUFFER_POOL DEFAULT FLASH_CACHE DEFAULT CELL_FLASH_CACHE DEFAULT)
  TABLESPACE "USERS" ;
--------------------------------------------------------
--  Constraints for Table PARAMETRES
--------------------------------------------------------

  ALTER TABLE "BANQUE"."PARAMETRES" MODIFY ("IDPARAMETRE" NOT NULL ENABLE);
  ALTER TABLE "BANQUE"."PARAMETRES" MODIFY ("IDTABLE" NOT NULL ENABLE);
  ALTER TABLE "BANQUE"."PARAMETRES" MODIFY ("PARAMETRE" NOT NULL ENABLE);
  ALTER TABLE "BANQUE"."PARAMETRES" ADD CONSTRAINT "PK_PARAMETRES" PRIMARY KEY ("IDPARAMETRE")
  USING INDEX PCTFREE 10 INITRANS 2 MAXTRANS 255 COMPUTE STATISTICS 
  STORAGE(INITIAL 65536 NEXT 1048576 MINEXTENTS 1 MAXEXTENTS 2147483645
  PCTINCREASE 0 FREELISTS 1 FREELIST GROUPS 1
  BUFFER_POOL DEFAULT FLASH_CACHE DEFAULT CELL_FLASH_CACHE DEFAULT)
  TABLESPACE "USERS"  ENABLE;
--------------------------------------------------------
--  Constraints for Table PRIVILEGE
--------------------------------------------------------

  ALTER TABLE "BANQUE"."PRIVILEGE" MODIFY ("IDPRIVILEGE" NOT NULL ENABLE);
  ALTER TABLE "BANQUE"."PRIVILEGE" MODIFY ("NOMPRIVILEGE" NOT NULL ENABLE);
  ALTER TABLE "BANQUE"."PRIVILEGE" ADD CONSTRAINT "PK_PRIVILEGE" PRIMARY KEY ("IDPRIVILEGE")
  USING INDEX PCTFREE 10 INITRANS 2 MAXTRANS 255 COMPUTE STATISTICS 
  STORAGE(INITIAL 65536 NEXT 1048576 MINEXTENTS 1 MAXEXTENTS 2147483645
  PCTINCREASE 0 FREELISTS 1 FREELIST GROUPS 1
  BUFFER_POOL DEFAULT FLASH_CACHE DEFAULT CELL_FLASH_CACHE DEFAULT)
  TABLESPACE "USERS"  ENABLE;
--------------------------------------------------------
--  Constraints for Table BANQUE
--------------------------------------------------------

  ALTER TABLE "BANQUE"."BANQUE" MODIFY ("IDBANQUE" NOT NULL ENABLE);
  ALTER TABLE "BANQUE"."BANQUE" MODIFY ("NOMBANQUE" NOT NULL ENABLE);
  ALTER TABLE "BANQUE"."BANQUE" ADD CONSTRAINT "PK_BANQUE" PRIMARY KEY ("IDBANQUE")
  USING INDEX PCTFREE 10 INITRANS 2 MAXTRANS 255 COMPUTE STATISTICS 
  STORAGE(INITIAL 65536 NEXT 1048576 MINEXTENTS 1 MAXEXTENTS 2147483645
  PCTINCREASE 0 FREELISTS 1 FREELIST GROUPS 1
  BUFFER_POOL DEFAULT FLASH_CACHE DEFAULT CELL_FLASH_CACHE DEFAULT)
  TABLESPACE "USERS"  ENABLE;
--------------------------------------------------------
--  Constraints for Table PRODUIT
--------------------------------------------------------

  ALTER TABLE "BANQUE"."PRODUIT" MODIFY ("IDPRODUIT" NOT NULL ENABLE);
  ALTER TABLE "BANQUE"."PRODUIT" MODIFY ("IDBANQUE" NOT NULL ENABLE);
  ALTER TABLE "BANQUE"."PRODUIT" MODIFY ("NOMPRODUIT" NOT NULL ENABLE);
  ALTER TABLE "BANQUE"."PRODUIT" MODIFY ("SCOREMINIMALREQUIS" NOT NULL ENABLE);
  ALTER TABLE "BANQUE"."PRODUIT" MODIFY ("LIMITEDEPENSEMAX" NOT NULL ENABLE);
  ALTER TABLE "BANQUE"."PRODUIT" MODIFY ("LIMITEDEPENSEMIN" NOT NULL ENABLE);
  ALTER TABLE "BANQUE"."PRODUIT" ADD CONSTRAINT "PK_PRODUIT" PRIMARY KEY ("IDPRODUIT")
  USING INDEX PCTFREE 10 INITRANS 2 MAXTRANS 255 COMPUTE STATISTICS 
  STORAGE(INITIAL 65536 NEXT 1048576 MINEXTENTS 1 MAXEXTENTS 2147483645
  PCTINCREASE 0 FREELISTS 1 FREELIST GROUPS 1
  BUFFER_POOL DEFAULT FLASH_CACHE DEFAULT CELL_FLASH_CACHE DEFAULT)
  TABLESPACE "USERS"  ENABLE;
--------------------------------------------------------
--  Constraints for Table POSSEDE
--------------------------------------------------------

  ALTER TABLE "BANQUE"."POSSEDE" MODIFY ("IDPRIVILEGE" NOT NULL ENABLE);
  ALTER TABLE "BANQUE"."POSSEDE" MODIFY ("USERNAME" NOT NULL ENABLE);
  ALTER TABLE "BANQUE"."POSSEDE" ADD CONSTRAINT "PK_POSSEDE" PRIMARY KEY ("IDPRIVILEGE", "USERNAME")
  USING INDEX PCTFREE 10 INITRANS 2 MAXTRANS 255 COMPUTE STATISTICS 
  STORAGE(INITIAL 65536 NEXT 1048576 MINEXTENTS 1 MAXEXTENTS 2147483645
  PCTINCREASE 0 FREELISTS 1 FREELIST GROUPS 1
  BUFFER_POOL DEFAULT FLASH_CACHE DEFAULT CELL_FLASH_CACHE DEFAULT)
  TABLESPACE "USERS"  ENABLE;
--------------------------------------------------------
--  Constraints for Table INFORMATIONSPERSONELLES
--------------------------------------------------------

  ALTER TABLE "BANQUE"."INFORMATIONSPERSONELLES" MODIFY ("IDIP" NOT NULL ENABLE);
  ALTER TABLE "BANQUE"."INFORMATIONSPERSONELLES" MODIFY ("IDADRESSE" NOT NULL ENABLE);
  ALTER TABLE "BANQUE"."INFORMATIONSPERSONELLES" MODIFY ("NOM" NOT NULL ENABLE);
  ALTER TABLE "BANQUE"."INFORMATIONSPERSONELLES" MODIFY ("PRENOM" NOT NULL ENABLE);
  ALTER TABLE "BANQUE"."INFORMATIONSPERSONELLES" MODIFY ("SEXE" NOT NULL ENABLE);
  ALTER TABLE "BANQUE"."INFORMATIONSPERSONELLES" MODIFY ("NOMPERE" NOT NULL ENABLE);
  ALTER TABLE "BANQUE"."INFORMATIONSPERSONELLES" MODIFY ("NOMMERE" NOT NULL ENABLE);
  ALTER TABLE "BANQUE"."INFORMATIONSPERSONELLES" MODIFY ("DATENAISSANCE" NOT NULL ENABLE);
  ALTER TABLE "BANQUE"."INFORMATIONSPERSONELLES" MODIFY ("NATIONALITE" NOT NULL ENABLE);
  ALTER TABLE "BANQUE"."INFORMATIONSPERSONELLES" MODIFY ("NUMEROREGISTRE" NOT NULL ENABLE);
  ALTER TABLE "BANQUE"."INFORMATIONSPERSONELLES" MODIFY ("ETATCIVIL" NOT NULL ENABLE);
  ALTER TABLE "BANQUE"."INFORMATIONSPERSONELLES" MODIFY ("NOMBREDEPENDANTS" NOT NULL ENABLE);
  ALTER TABLE "BANQUE"."INFORMATIONSPERSONELLES" MODIFY ("NIVEAUEDUCATION" NOT NULL ENABLE);
  ALTER TABLE "BANQUE"."INFORMATIONSPERSONELLES" MODIFY ("ADRESSEEMAIL" NOT NULL ENABLE);
  ALTER TABLE "BANQUE"."INFORMATIONSPERSONELLES" MODIFY ("NUMEROTELEPHONEMOBILE" NOT NULL ENABLE);
  ALTER TABLE "BANQUE"."INFORMATIONSPERSONELLES" ADD CONSTRAINT "PK_INFORMATIONSPERSONELLES" PRIMARY KEY ("IDIP")
  USING INDEX PCTFREE 10 INITRANS 2 MAXTRANS 255 COMPUTE STATISTICS 
  STORAGE(INITIAL 65536 NEXT 1048576 MINEXTENTS 1 MAXEXTENTS 2147483645
  PCTINCREASE 0 FREELISTS 1 FREELIST GROUPS 1
  BUFFER_POOL DEFAULT FLASH_CACHE DEFAULT CELL_FLASH_CACHE DEFAULT)
  TABLESPACE "USERS"  ENABLE;
--------------------------------------------------------
--  Constraints for Table EMPLOYE
--------------------------------------------------------

  ALTER TABLE "BANQUE"."EMPLOYE" MODIFY ("IDBANQUE" NOT NULL ENABLE);
  ALTER TABLE "BANQUE"."EMPLOYE" MODIFY ("USERNAME" NOT NULL ENABLE);
  ALTER TABLE "BANQUE"."EMPLOYE" MODIFY ("PASSWORD" NOT NULL ENABLE);
  ALTER TABLE "BANQUE"."EMPLOYE" ADD CONSTRAINT "PK_EMPLOYE" PRIMARY KEY ("USERNAME")
  USING INDEX PCTFREE 10 INITRANS 2 MAXTRANS 255 COMPUTE STATISTICS 
  STORAGE(INITIAL 65536 NEXT 1048576 MINEXTENTS 1 MAXEXTENTS 2147483645
  PCTINCREASE 0 FREELISTS 1 FREELIST GROUPS 1
  BUFFER_POOL DEFAULT FLASH_CACHE DEFAULT CELL_FLASH_CACHE DEFAULT)
  TABLESPACE "USERS"  ENABLE;
--------------------------------------------------------
--  Constraints for Table TABLEDESCORING
--------------------------------------------------------

  ALTER TABLE "BANQUE"."TABLEDESCORING" MODIFY ("IDTABLE" NOT NULL ENABLE);
  ALTER TABLE "BANQUE"."TABLEDESCORING" MODIFY ("IDBANQUE" NOT NULL ENABLE);
  ALTER TABLE "BANQUE"."TABLEDESCORING" MODIFY ("DATEDEBUT" NOT NULL ENABLE);
  ALTER TABLE "BANQUE"."TABLEDESCORING" MODIFY ("VERSION" NOT NULL ENABLE);
  ALTER TABLE "BANQUE"."TABLEDESCORING" ADD CONSTRAINT "PK_TABLEDESCORING" PRIMARY KEY ("IDTABLE")
  USING INDEX PCTFREE 10 INITRANS 2 MAXTRANS 255 COMPUTE STATISTICS 
  STORAGE(INITIAL 65536 NEXT 1048576 MINEXTENTS 1 MAXEXTENTS 2147483645
  PCTINCREASE 0 FREELISTS 1 FREELIST GROUPS 1
  BUFFER_POOL DEFAULT FLASH_CACHE DEFAULT CELL_FLASH_CACHE DEFAULT)
  TABLESPACE "USERS"  ENABLE;
--------------------------------------------------------
--  Constraints for Table ADDRESSE
--------------------------------------------------------

  ALTER TABLE "BANQUE"."ADDRESSE" MODIFY ("IDADRESSE" NOT NULL ENABLE);
  ALTER TABLE "BANQUE"."ADDRESSE" MODIFY ("ETAGE" NOT NULL ENABLE);
  ALTER TABLE "BANQUE"."ADDRESSE" MODIFY ("NOMBATIMENT" NOT NULL ENABLE);
  ALTER TABLE "BANQUE"."ADDRESSE" MODIFY ("RUE" NOT NULL ENABLE);
  ALTER TABLE "BANQUE"."ADDRESSE" MODIFY ("VILLE" NOT NULL ENABLE);
  ALTER TABLE "BANQUE"."ADDRESSE" MODIFY ("CAZA" NOT NULL ENABLE);
  ALTER TABLE "BANQUE"."ADDRESSE" MODIFY ("PAYS" NOT NULL ENABLE);
  ALTER TABLE "BANQUE"."ADDRESSE" MODIFY ("NUMEROTELEPHONE" NOT NULL ENABLE);
  ALTER TABLE "BANQUE"."ADDRESSE" ADD CONSTRAINT "PK_ADDRESSE" PRIMARY KEY ("IDADRESSE")
  USING INDEX PCTFREE 10 INITRANS 2 MAXTRANS 255 COMPUTE STATISTICS 
  STORAGE(INITIAL 65536 NEXT 1048576 MINEXTENTS 1 MAXEXTENTS 2147483645
  PCTINCREASE 0 FREELISTS 1 FREELIST GROUPS 1
  BUFFER_POOL DEFAULT FLASH_CACHE DEFAULT CELL_FLASH_CACHE DEFAULT)
  TABLESPACE "USERS"  ENABLE;
--------------------------------------------------------
--  Constraints for Table INFORMATIONSFINANCIERES
--------------------------------------------------------

  ALTER TABLE "BANQUE"."INFORMATIONSFINANCIERES" MODIFY ("IDREVENU" NOT NULL ENABLE);
  ALTER TABLE "BANQUE"."INFORMATIONSFINANCIERES" MODIFY ("TYPE" NOT NULL ENABLE);
  ALTER TABLE "BANQUE"."INFORMATIONSFINANCIERES" MODIFY ("SALAIREMENSUELFIXE" NOT NULL ENABLE);
  ALTER TABLE "BANQUE"."INFORMATIONSFINANCIERES" ADD CONSTRAINT "PK_INFORMATIONSFINANCIERES" PRIMARY KEY ("IDREVENU")
  USING INDEX PCTFREE 10 INITRANS 2 MAXTRANS 255 COMPUTE STATISTICS 
  STORAGE(INITIAL 65536 NEXT 1048576 MINEXTENTS 1 MAXEXTENTS 2147483645
  PCTINCREASE 0 FREELISTS 1 FREELIST GROUPS 1
  BUFFER_POOL DEFAULT FLASH_CACHE DEFAULT CELL_FLASH_CACHE DEFAULT)
  TABLESPACE "USERS"  ENABLE;
--------------------------------------------------------
--  Constraints for Table INFORMATIONSEMPLOI
--------------------------------------------------------

  ALTER TABLE "BANQUE"."INFORMATIONSEMPLOI" MODIFY ("IDEMPLOI" NOT NULL ENABLE);
  ALTER TABLE "BANQUE"."INFORMATIONSEMPLOI" MODIFY ("ETATEMPLOI" NOT NULL ENABLE);
  ALTER TABLE "BANQUE"."INFORMATIONSEMPLOI" ADD CONSTRAINT "PK_INFORMATIONSEMPLOI" PRIMARY KEY ("IDEMPLOI")
  USING INDEX PCTFREE 10 INITRANS 2 MAXTRANS 255 COMPUTE STATISTICS 
  STORAGE(INITIAL 65536 NEXT 1048576 MINEXTENTS 1 MAXEXTENTS 2147483645
  PCTINCREASE 0 FREELISTS 1 FREELIST GROUPS 1
  BUFFER_POOL DEFAULT FLASH_CACHE DEFAULT CELL_FLASH_CACHE DEFAULT)
  TABLESPACE "USERS"  ENABLE;
--------------------------------------------------------
--  Constraints for Table APPLICATION
--------------------------------------------------------

  ALTER TABLE "BANQUE"."APPLICATION" MODIFY ("IDIP" NOT NULL ENABLE);
  ALTER TABLE "BANQUE"."APPLICATION" MODIFY ("IDAPPLICATION" NOT NULL ENABLE);
  ALTER TABLE "BANQUE"."APPLICATION" MODIFY ("IDEMPLOI" NOT NULL ENABLE);
  ALTER TABLE "BANQUE"."APPLICATION" MODIFY ("IDPRODUIT" NOT NULL ENABLE);
  ALTER TABLE "BANQUE"."APPLICATION" MODIFY ("IDBANQUE" NOT NULL ENABLE);
  ALTER TABLE "BANQUE"."APPLICATION" MODIFY ("DATEREMPLISSAGE" NOT NULL ENABLE);
  ALTER TABLE "BANQUE"."APPLICATION" MODIFY ("LIMITEDEPENSE" NOT NULL ENABLE);
  ALTER TABLE "BANQUE"."APPLICATION" MODIFY ("ETAT" NOT NULL ENABLE);
  ALTER TABLE "BANQUE"."APPLICATION" ADD CONSTRAINT "PK_APPLICATION" PRIMARY KEY ("IDAPPLICATION")
  USING INDEX PCTFREE 10 INITRANS 2 MAXTRANS 255 COMPUTE STATISTICS 
  STORAGE(INITIAL 65536 NEXT 1048576 MINEXTENTS 1 MAXEXTENTS 2147483645
  PCTINCREASE 0 FREELISTS 1 FREELIST GROUPS 1
  BUFFER_POOL DEFAULT FLASH_CACHE DEFAULT CELL_FLASH_CACHE DEFAULT)
  TABLESPACE "USERS"  ENABLE;
--------------------------------------------------------
--  Constraints for Table ENGAGEMENTMENSUEL
--------------------------------------------------------

  ALTER TABLE "BANQUE"."ENGAGEMENTMENSUEL" MODIFY ("IDENGAGEMENT" NOT NULL ENABLE);
  ALTER TABLE "BANQUE"."ENGAGEMENTMENSUEL" MODIFY ("IDAPPLICATION" NOT NULL ENABLE);
  ALTER TABLE "BANQUE"."ENGAGEMENTMENSUEL" MODIFY ("VALEUR" NOT NULL ENABLE);
  ALTER TABLE "BANQUE"."ENGAGEMENTMENSUEL" MODIFY ("PAYEMENTMENSUEL" NOT NULL ENABLE);
  ALTER TABLE "BANQUE"."ENGAGEMENTMENSUEL" ADD CONSTRAINT "PK_ENGAGEMENTMENSUEL" PRIMARY KEY ("IDENGAGEMENT")
  USING INDEX PCTFREE 10 INITRANS 2 MAXTRANS 255 COMPUTE STATISTICS 
  STORAGE(INITIAL 65536 NEXT 1048576 MINEXTENTS 1 MAXEXTENTS 2147483645
  PCTINCREASE 0 FREELISTS 1 FREELIST GROUPS 1
  BUFFER_POOL DEFAULT FLASH_CACHE DEFAULT CELL_FLASH_CACHE DEFAULT)
  TABLESPACE "USERS"  ENABLE;
--------------------------------------------------------
--  Constraints for Table INFOCARTE
--------------------------------------------------------

  ALTER TABLE "BANQUE"."INFOCARTE" MODIFY ("NOMSURCARTE" NOT NULL ENABLE);
  ALTER TABLE "BANQUE"."INFOCARTE" MODIFY ("SERVICESMS" NOT NULL ENABLE);
  ALTER TABLE "BANQUE"."INFOCARTE" MODIFY ("SERVICEMAIL" NOT NULL ENABLE);
  ALTER TABLE "BANQUE"."INFOCARTE" MODIFY ("SERVICELETTRE" NOT NULL ENABLE);
  ALTER TABLE "BANQUE"."INFOCARTE" ADD CONSTRAINT "PK_INFOCARTE" PRIMARY KEY ("IDC")
  USING INDEX PCTFREE 10 INITRANS 2 MAXTRANS 255 COMPUTE STATISTICS 
  STORAGE(INITIAL 65536 NEXT 1048576 MINEXTENTS 1 MAXEXTENTS 2147483645
  PCTINCREASE 0 FREELISTS 1 FREELIST GROUPS 1
  BUFFER_POOL DEFAULT FLASH_CACHE DEFAULT CELL_FLASH_CACHE DEFAULT)
  TABLESPACE "USERS"  ENABLE;
  ALTER TABLE "BANQUE"."INFOCARTE" MODIFY ("IDC" NOT NULL ENABLE);
  ALTER TABLE "BANQUE"."INFOCARTE" MODIFY ("IDAPPLICATION" NOT NULL ENABLE);
  ALTER TABLE "BANQUE"."INFOCARTE" MODIFY ("CARTEPRINCIPALE" NOT NULL ENABLE);
--------------------------------------------------------
--  Constraints for Table INFOCARTESUP
--------------------------------------------------------

  ALTER TABLE "BANQUE"."INFOCARTESUP" MODIFY ("IDC" NOT NULL ENABLE);
  ALTER TABLE "BANQUE"."INFOCARTESUP" MODIFY ("NOM" NOT NULL ENABLE);
  ALTER TABLE "BANQUE"."INFOCARTESUP" MODIFY ("PRENOM" NOT NULL ENABLE);
  ALTER TABLE "BANQUE"."INFOCARTESUP" MODIFY ("SEXE" NOT NULL ENABLE);
  ALTER TABLE "BANQUE"."INFOCARTESUP" MODIFY ("NATIONALITE" NOT NULL ENABLE);
  ALTER TABLE "BANQUE"."INFOCARTESUP" MODIFY ("LEINRELATIVE" NOT NULL ENABLE);
  ALTER TABLE "BANQUE"."INFOCARTESUP" MODIFY ("NUMEROTELMOBILE" NOT NULL ENABLE);
  ALTER TABLE "BANQUE"."INFOCARTESUP" MODIFY ("NUMEROTEL" NOT NULL ENABLE);
  ALTER TABLE "BANQUE"."INFOCARTESUP" MODIFY ("ADDRESSEEMAIL" NOT NULL ENABLE);
  ALTER TABLE "BANQUE"."INFOCARTESUP" ADD CONSTRAINT "PK_INFOCARTESUP" PRIMARY KEY ("IDC")
  USING INDEX PCTFREE 10 INITRANS 2 MAXTRANS 255 COMPUTE STATISTICS 
  STORAGE(INITIAL 65536 NEXT 1048576 MINEXTENTS 1 MAXEXTENTS 2147483645
  PCTINCREASE 0 FREELISTS 1 FREELIST GROUPS 1
  BUFFER_POOL DEFAULT FLASH_CACHE DEFAULT CELL_FLASH_CACHE DEFAULT)
  TABLESPACE "USERS"  ENABLE;
--------------------------------------------------------
--  Constraints for Table CLIENT
--------------------------------------------------------

  ALTER TABLE "BANQUE"."CLIENT" MODIFY ("IDCLIENT" NOT NULL ENABLE);
  ALTER TABLE "BANQUE"."CLIENT" MODIFY ("IDEMPLOI" NOT NULL ENABLE);
  ALTER TABLE "BANQUE"."CLIENT" MODIFY ("IDIP" NOT NULL ENABLE);
  ALTER TABLE "BANQUE"."CLIENT" MODIFY ("IDBANQUE" NOT NULL ENABLE);
  ALTER TABLE "BANQUE"."CLIENT" ADD CONSTRAINT "PK_CLIENT" PRIMARY KEY ("IDCLIENT", "IDBANQUE")
  USING INDEX PCTFREE 10 INITRANS 2 MAXTRANS 255 COMPUTE STATISTICS 
  STORAGE(INITIAL 65536 NEXT 1048576 MINEXTENTS 1 MAXEXTENTS 2147483645
  PCTINCREASE 0 FREELISTS 1 FREELIST GROUPS 1
  BUFFER_POOL DEFAULT FLASH_CACHE DEFAULT CELL_FLASH_CACHE DEFAULT)
  TABLESPACE "USERS"  ENABLE;
--------------------------------------------------------
--  Constraints for Table COMPTE
--------------------------------------------------------

  ALTER TABLE "BANQUE"."COMPTE" MODIFY ("NUMEROCOMPTE" NOT NULL ENABLE);
  ALTER TABLE "BANQUE"."COMPTE" MODIFY ("IDCLIENT" NOT NULL ENABLE);
  ALTER TABLE "BANQUE"."COMPTE" MODIFY ("IDBANQUE" NOT NULL ENABLE);
  ALTER TABLE "BANQUE"."COMPTE" MODIFY ("LIMITEDEPENSE" NOT NULL ENABLE);
  ALTER TABLE "BANQUE"."COMPTE" ADD CONSTRAINT "PK_COMPTE" PRIMARY KEY ("NUMEROCOMPTE")
  USING INDEX PCTFREE 10 INITRANS 2 MAXTRANS 255 COMPUTE STATISTICS 
  STORAGE(INITIAL 65536 NEXT 1048576 MINEXTENTS 1 MAXEXTENTS 2147483645
  PCTINCREASE 0 FREELISTS 1 FREELIST GROUPS 1
  BUFFER_POOL DEFAULT FLASH_CACHE DEFAULT CELL_FLASH_CACHE DEFAULT)
  TABLESPACE "USERS"  ENABLE;
--------------------------------------------------------
--  Constraints for Table CARTE
--------------------------------------------------------

  ALTER TABLE "BANQUE"."CARTE" MODIFY ("IDCARTE" NOT NULL ENABLE);
  ALTER TABLE "BANQUE"."CARTE" MODIFY ("NUMEROCOMPTE" NOT NULL ENABLE);
  ALTER TABLE "BANQUE"."CARTE" MODIFY ("IDPRODUIT" NOT NULL ENABLE);
  ALTER TABLE "BANQUE"."CARTE" MODIFY ("IDBANQUE" NOT NULL ENABLE);
  ALTER TABLE "BANQUE"."CARTE" MODIFY ("DATEDEBUTVALIDITE" NOT NULL ENABLE);
  ALTER TABLE "BANQUE"."CARTE" MODIFY ("DATEFINVALIDITE" NOT NULL ENABLE);
  ALTER TABLE "BANQUE"."CARTE" MODIFY ("ACTIF" NOT NULL ENABLE);
  ALTER TABLE "BANQUE"."CARTE" MODIFY ("NOMSURCARTE" NOT NULL ENABLE);
  ALTER TABLE "BANQUE"."CARTE" MODIFY ("CARTEPRINCIPAL" NOT NULL ENABLE);
  ALTER TABLE "BANQUE"."CARTE" MODIFY ("SERVICESMS" NOT NULL ENABLE);
  ALTER TABLE "BANQUE"."CARTE" MODIFY ("SERVICEMAIL" NOT NULL ENABLE);
  ALTER TABLE "BANQUE"."CARTE" MODIFY ("SERVICELETTRE" NOT NULL ENABLE);
  ALTER TABLE "BANQUE"."CARTE" ADD CONSTRAINT "PK_CARTE" PRIMARY KEY ("IDCARTE")
  USING INDEX PCTFREE 10 INITRANS 2 MAXTRANS 255 COMPUTE STATISTICS 
  STORAGE(INITIAL 65536 NEXT 1048576 MINEXTENTS 1 MAXEXTENTS 2147483645
  PCTINCREASE 0 FREELISTS 1 FREELIST GROUPS 1
  BUFFER_POOL DEFAULT FLASH_CACHE DEFAULT CELL_FLASH_CACHE DEFAULT)
  TABLESPACE "USERS"  ENABLE;
--------------------------------------------------------
--  Constraints for Table CARTESUPLEMENTAIRE
--------------------------------------------------------

  ALTER TABLE "BANQUE"."CARTESUPLEMENTAIRE" MODIFY ("IDCARTE" NOT NULL ENABLE);
  ALTER TABLE "BANQUE"."CARTESUPLEMENTAIRE" MODIFY ("NOM" NOT NULL ENABLE);
  ALTER TABLE "BANQUE"."CARTESUPLEMENTAIRE" MODIFY ("PRENOM" NOT NULL ENABLE);
  ALTER TABLE "BANQUE"."CARTESUPLEMENTAIRE" MODIFY ("SEXE" NOT NULL ENABLE);
  ALTER TABLE "BANQUE"."CARTESUPLEMENTAIRE" MODIFY ("NATIONALITE" NOT NULL ENABLE);
  ALTER TABLE "BANQUE"."CARTESUPLEMENTAIRE" MODIFY ("LEINRELATIVE" NOT NULL ENABLE);
  ALTER TABLE "BANQUE"."CARTESUPLEMENTAIRE" MODIFY ("NUMEROTELMOBILE" NOT NULL ENABLE);
  ALTER TABLE "BANQUE"."CARTESUPLEMENTAIRE" MODIFY ("NUMEROTEL" NOT NULL ENABLE);
  ALTER TABLE "BANQUE"."CARTESUPLEMENTAIRE" MODIFY ("ADDRESSEEMAIL" NOT NULL ENABLE);
  ALTER TABLE "BANQUE"."CARTESUPLEMENTAIRE" ADD CONSTRAINT "PK_CARTESUPLEMENTAIRE" PRIMARY KEY ("IDCARTE")
  USING INDEX PCTFREE 10 INITRANS 2 MAXTRANS 255 COMPUTE STATISTICS 
  STORAGE(INITIAL 65536 NEXT 1048576 MINEXTENTS 1 MAXEXTENTS 2147483645
  PCTINCREASE 0 FREELISTS 1 FREELIST GROUPS 1
  BUFFER_POOL DEFAULT FLASH_CACHE DEFAULT CELL_FLASH_CACHE DEFAULT)
  TABLESPACE "USERS"  ENABLE;
--------------------------------------------------------
--  Constraints for Table DEPENSE_REMBOURSEMENTCOMPTE
--------------------------------------------------------

  ALTER TABLE "BANQUE"."DEPENSE_REMBOURSEMENTCOMPTE" ADD CONSTRAINT "PK_DEPENSE_REMBOURSEMENTCOMPTE" PRIMARY KEY ("MOIS", "ANNEE", "NUMEROCOMPTE")
  USING INDEX PCTFREE 10 INITRANS 2 MAXTRANS 255 COMPUTE STATISTICS 
  STORAGE(INITIAL 65536 NEXT 1048576 MINEXTENTS 1 MAXEXTENTS 2147483645
  PCTINCREASE 0 FREELISTS 1 FREELIST GROUPS 1
  BUFFER_POOL DEFAULT FLASH_CACHE DEFAULT CELL_FLASH_CACHE DEFAULT)
  TABLESPACE "USERS"  ENABLE;
  ALTER TABLE "BANQUE"."DEPENSE_REMBOURSEMENTCOMPTE" MODIFY ("MOIS" NOT NULL ENABLE);
  ALTER TABLE "BANQUE"."DEPENSE_REMBOURSEMENTCOMPTE" MODIFY ("ANNEE" NOT NULL ENABLE);
  ALTER TABLE "BANQUE"."DEPENSE_REMBOURSEMENTCOMPTE" MODIFY ("NUMEROCOMPTE" NOT NULL ENABLE);
  ALTER TABLE "BANQUE"."DEPENSE_REMBOURSEMENTCOMPTE" MODIFY ("DEPENSE" NOT NULL ENABLE);
  ALTER TABLE "BANQUE"."DEPENSE_REMBOURSEMENTCOMPTE" MODIFY ("REMBOURSEMENT" NOT NULL ENABLE);
--------------------------------------------------------
--  Ref Constraints for Table PARAMETRES
--------------------------------------------------------

  ALTER TABLE "BANQUE"."PARAMETRES" ADD CONSTRAINT "FK_PARAMETR_REFERENCE_TABLEDES" FOREIGN KEY ("IDTABLE")
	  REFERENCES "BANQUE"."TABLEDESCORING" ("IDTABLE") ON DELETE CASCADE ENABLE;
--------------------------------------------------------
--  Ref Constraints for Table PRODUIT
--------------------------------------------------------

  ALTER TABLE "BANQUE"."PRODUIT" ADD CONSTRAINT "PRODUIT_BANQUE" FOREIGN KEY ("IDBANQUE")
	  REFERENCES "BANQUE"."BANQUE" ("IDBANQUE") ON DELETE CASCADE ENABLE;
--------------------------------------------------------
--  Ref Constraints for Table POSSEDE
--------------------------------------------------------

  ALTER TABLE "BANQUE"."POSSEDE" ADD CONSTRAINT "FK_POSSEDE_REFERENCE_EMPLOYE" FOREIGN KEY ("USERNAME")
	  REFERENCES "BANQUE"."EMPLOYE" ("USERNAME") ON DELETE CASCADE ENABLE;
  ALTER TABLE "BANQUE"."POSSEDE" ADD CONSTRAINT "FK_POSSEDE_REFERENCE_PRIVILEG" FOREIGN KEY ("IDPRIVILEGE")
	  REFERENCES "BANQUE"."PRIVILEGE" ("IDPRIVILEGE") ENABLE;
--------------------------------------------------------
--  Ref Constraints for Table EMPLOYE
--------------------------------------------------------

  ALTER TABLE "BANQUE"."EMPLOYE" ADD CONSTRAINT "FK_EMPLOYE_REFERENCE_BANQUE" FOREIGN KEY ("IDBANQUE")
	  REFERENCES "BANQUE"."BANQUE" ("IDBANQUE") ON DELETE CASCADE ENABLE;
--------------------------------------------------------
--  Ref Constraints for Table TABLEDESCORING
--------------------------------------------------------

  ALTER TABLE "BANQUE"."TABLEDESCORING" ADD CONSTRAINT "FK_TABLEDES_REFERENCE_BANQUE" FOREIGN KEY ("IDBANQUE")
	  REFERENCES "BANQUE"."BANQUE" ("IDBANQUE") ON DELETE CASCADE ENABLE;
--------------------------------------------------------
--  Ref Constraints for Table INFORMATIONSFINANCIERES
--------------------------------------------------------

  ALTER TABLE "BANQUE"."INFORMATIONSFINANCIERES" ADD CONSTRAINT "FK_INFORMAT_REFERENCE_APPLICAT" FOREIGN KEY ("IDAPPLICATION")
	  REFERENCES "BANQUE"."APPLICATION" ("IDAPPLICATION") ON DELETE CASCADE ENABLE;
--------------------------------------------------------
--  Ref Constraints for Table INFORMATIONSEMPLOI
--------------------------------------------------------

  ALTER TABLE "BANQUE"."INFORMATIONSEMPLOI" ADD CONSTRAINT "FK_INFORMAT_REFERENCE_ADDRESSE" FOREIGN KEY ("IDADRESSE")
	  REFERENCES "BANQUE"."ADDRESSE" ("IDADRESSE") ON DELETE CASCADE ENABLE;
  ALTER TABLE "BANQUE"."INFORMATIONSEMPLOI" ADD CONSTRAINT "FK_INFORMAT_REFERENCE_INFORMAT" FOREIGN KEY ("IDREVENU")
	  REFERENCES "BANQUE"."INFORMATIONSFINANCIERES" ("IDREVENU") ON DELETE CASCADE ENABLE;
--------------------------------------------------------
--  Ref Constraints for Table APPLICATION
--------------------------------------------------------

  ALTER TABLE "BANQUE"."APPLICATION" ADD CONSTRAINT "FK_APPLICAT_REFERENCE_BANQUE" FOREIGN KEY ("IDBANQUE")
	  REFERENCES "BANQUE"."BANQUE" ("IDBANQUE") ON DELETE CASCADE ENABLE;
  ALTER TABLE "BANQUE"."APPLICATION" ADD CONSTRAINT "FK_APPLICAT_REFERENCE_INFORMAT" FOREIGN KEY ("IDEMPLOI")
	  REFERENCES "BANQUE"."INFORMATIONSEMPLOI" ("IDEMPLOI") ON DELETE CASCADE ENABLE;
  ALTER TABLE "BANQUE"."APPLICATION" ADD CONSTRAINT "FK_APPLICAT_REFERENCE_PRODUIT" FOREIGN KEY ("IDPRODUIT")
	  REFERENCES "BANQUE"."PRODUIT" ("IDPRODUIT") ON DELETE CASCADE ENABLE;
  ALTER TABLE "BANQUE"."APPLICATION" ADD CONSTRAINT "FK_IP_APP" FOREIGN KEY ("IDIP")
	  REFERENCES "BANQUE"."INFORMATIONSPERSONELLES" ("IDIP") ENABLE;
--------------------------------------------------------
--  Ref Constraints for Table ENGAGEMENTMENSUEL
--------------------------------------------------------

  ALTER TABLE "BANQUE"."ENGAGEMENTMENSUEL" ADD CONSTRAINT "FK_ENGAGEME_REFERENCE_APPLICAT" FOREIGN KEY ("IDAPPLICATION")
	  REFERENCES "BANQUE"."APPLICATION" ("IDAPPLICATION") ON DELETE CASCADE ENABLE;
--------------------------------------------------------
--  Ref Constraints for Table INFOCARTE
--------------------------------------------------------

  ALTER TABLE "BANQUE"."INFOCARTE" ADD CONSTRAINT "FK_INFOCART_REFERENCE_APPLICAT" FOREIGN KEY ("IDAPPLICATION")
	  REFERENCES "BANQUE"."APPLICATION" ("IDAPPLICATION") ON DELETE CASCADE ENABLE;
--------------------------------------------------------
--  Ref Constraints for Table INFOCARTESUP
--------------------------------------------------------

  ALTER TABLE "BANQUE"."INFOCARTESUP" ADD CONSTRAINT "FK_INFOCART_REFERENCE_INFOCART" FOREIGN KEY ("IDC")
	  REFERENCES "BANQUE"."INFOCARTE" ("IDC") ON DELETE CASCADE ENABLE;
--------------------------------------------------------
--  Ref Constraints for Table CLIENT
--------------------------------------------------------

  ALTER TABLE "BANQUE"."CLIENT" ADD CONSTRAINT "FK_CLIENT_REFERENCE_BANQUE" FOREIGN KEY ("IDBANQUE")
	  REFERENCES "BANQUE"."BANQUE" ("IDBANQUE") ON DELETE CASCADE ENABLE;
  ALTER TABLE "BANQUE"."CLIENT" ADD CONSTRAINT "FK_CLIENT_REFERENCE_INFORMAT" FOREIGN KEY ("IDEMPLOI")
	  REFERENCES "BANQUE"."INFORMATIONSEMPLOI" ("IDEMPLOI") ON DELETE CASCADE ENABLE;
  ALTER TABLE "BANQUE"."CLIENT" ADD CONSTRAINT "FK_CLIENT_REFERENCE_INFORMAT1" FOREIGN KEY ("IDIP")
	  REFERENCES "BANQUE"."INFORMATIONSPERSONELLES" ("IDIP") ON DELETE CASCADE ENABLE;
--------------------------------------------------------
--  Ref Constraints for Table COMPTE
--------------------------------------------------------

  ALTER TABLE "BANQUE"."COMPTE" ADD CONSTRAINT "FK_COMPTE_REFERENCE_CLIENT" FOREIGN KEY ("IDCLIENT", "IDBANQUE")
	  REFERENCES "BANQUE"."CLIENT" ("IDCLIENT", "IDBANQUE") ON DELETE CASCADE ENABLE;
--------------------------------------------------------
--  Ref Constraints for Table CARTE
--------------------------------------------------------

  ALTER TABLE "BANQUE"."CARTE" ADD CONSTRAINT "FK_CARTE_REFERENCE_BANQUE" FOREIGN KEY ("IDBANQUE")
	  REFERENCES "BANQUE"."BANQUE" ("IDBANQUE") ON DELETE CASCADE ENABLE;
  ALTER TABLE "BANQUE"."CARTE" ADD CONSTRAINT "FK_CARTE_REFERENCE_COMPTE" FOREIGN KEY ("NUMEROCOMPTE")
	  REFERENCES "BANQUE"."COMPTE" ("NUMEROCOMPTE") ON DELETE CASCADE ENABLE;
  ALTER TABLE "BANQUE"."CARTE" ADD CONSTRAINT "FK_CARTE_REFERENCE_INFORMAT" FOREIGN KEY ("IDIP")
	  REFERENCES "BANQUE"."INFORMATIONSPERSONELLES" ("IDIP") ON DELETE CASCADE ENABLE;
  ALTER TABLE "BANQUE"."CARTE" ADD CONSTRAINT "FK_CARTE_REFERENCE_PRODUIT" FOREIGN KEY ("IDPRODUIT")
	  REFERENCES "BANQUE"."PRODUIT" ("IDPRODUIT") ON DELETE CASCADE ENABLE;
--------------------------------------------------------
--  Ref Constraints for Table DEPENSE_REMBOURSEMENTCOMPTE
--------------------------------------------------------

  ALTER TABLE "BANQUE"."DEPENSE_REMBOURSEMENTCOMPTE" ADD CONSTRAINT "FK_DEPENSE__REFERENCE_BANQUE" FOREIGN KEY ("IDBANQUE")
	  REFERENCES "BANQUE"."BANQUE" ("IDBANQUE") ON DELETE CASCADE ENABLE;
  ALTER TABLE "BANQUE"."DEPENSE_REMBOURSEMENTCOMPTE" ADD CONSTRAINT "FK_DEPENSE__REFERENCE_COMPTE" FOREIGN KEY ("NUMEROCOMPTE")
	  REFERENCES "BANQUE"."COMPTE" ("NUMEROCOMPTE") ON DELETE CASCADE ENABLE;
